stock_id,name,market,industry,status,updated_at
3002,歐格,TPEx,,active,2025-09-08 06:45:51
3003,健和興,TPEx,,active,2025-09-08 06:45:51
3004,豐達科,TPEx,,active,2025-09-08 06:45:51
3005,神基,TPEx,,active,2025-09-08 06:45:51
3006,晶豪科,TPEx,,active,2025-09-08 06:45:51
3007,綠點,TPEx,,active,2025-09-08 06:45:51
3008,大立光,TPEx,,active,2025-09-08 06:45:51
3009,奇美電,TPEx,,active,2025-09-08 06:45:51
3010,華立,TPEx,,active,2025-09-08 06:45:51
3011,今皓,TPEx,,active,2025-09-08 06:45:51
3013,晟銘電,TPEx,,active,2025-09-08 06:45:51
3014,聯陽,TPEx,,active,2025-09-08 06:45:51
3015,全漢,TPEx,,active,2025-09-08 06:45:51
3016,嘉晶,TPEx,,active,2025-09-08 06:45:51
3017,奇鋐,TPEx,,active,2025-09-08 06:45:51
3018,隆銘綠能,TPEx,,active,2025-09-08 06:45:51
3019,亞光,TPEx,,active,2025-09-08 06:45:51
3020,奇普仕,TPEx,,active,2025-09-08 06:45:51
3021,鴻名,TPEx,,active,2025-09-08 06:45:51
3022,威強電,TPEx,,active,2025-09-08 06:45:51
3023,信邦,TPEx,,active,2025-09-08 06:45:51
3024,憶聲,TPEx,,active,2025-09-08 06:45:51
3025,星通,TPEx,,active,2025-09-08 06:45:51
3026,禾伸堂,TPEx,,active,2025-09-08 06:45:51
3027,盛達,TPEx,,active,2025-09-08 06:45:51
3028,增你強,TPEx,,active,2025-09-08 06:45:51
3029,零壹,TPEx,,active,2025-09-08 06:45:51
3030,德律,TPEx,,active,2025-09-08 06:45:51
3031,佰鴻,TPEx,,active,2025-09-08 06:45:51
3032,偉訓,TPEx,,active,2025-09-08 06:45:51
3033,威健,TPEx,,active,2025-09-08 06:45:51
3034,聯詠,TPEx,,active,2025-09-08 06:45:51
3035,智原,TPEx,,active,2025-09-08 06:45:51
3036,文曄,TPEx,,active,2025-09-08 06:45:51
3037,欣興,TPEx,,active,2025-09-08 06:45:51
3038,全台,TPEx,,active,2025-09-08 06:45:51
3040,遠見,TPEx,,active,2025-09-08 06:45:51
3041,揚智,TPEx,,active,2025-09-08 06:45:51
3042,晶技,TPEx,,active,2025-09-08 06:45:51
3043,科風,TPEx,,active,2025-09-08 06:45:51
3044,健鼎,TPEx,,active,2025-09-08 06:45:51
3045,台灣大,TPEx,,active,2025-09-08 06:45:51
3046,建碁,TPEx,,active,2025-09-08 06:45:51
3047,訊舟,TPEx,,active,2025-09-08 06:45:51
3048,益登,TPEx,,active,2025-09-08 06:45:51
3049,精金,TPEx,,active,2025-09-08 06:45:51
3050,鈺德,TPEx,,active,2025-09-08 06:45:51
3051,力特,TPEx,,active,2025-09-08 06:45:51
3052,夆典,TPEx,,active,2025-09-08 06:45:51
3053,鼎營,TPEx,,active,2025-09-08 06:45:51
3054,立萬利,TPEx,,active,2025-09-08 06:45:51
3055,蔚華科,TPEx,,active,2025-09-08 06:45:51
3056,富華新,TPEx,,active,2025-09-08 06:45:51
3057,喬鼎,TPEx,,active,2025-09-08 06:45:51
3058,立德,TPEx,,active,2025-09-08 06:45:51
3059,華晶科,TPEx,,active,2025-09-08 06:45:51
3060,銘異,TPEx,,active,2025-09-08 06:45:51
3061,璨圓,TPEx,,active,2025-09-08 06:45:51
3062,建漢,TPEx,,active,2025-09-08 06:45:51
3063,飛信,TPEx,,active,2025-09-08 06:45:51
3064,泰偉,TPEx,,active,2025-09-08 06:45:51
3066,李洲,TPEx,,active,2025-09-08 06:45:51
3067,全域,TPEx,,active,2025-09-08 06:45:51
3071,協禧,TPEx,,active,2025-09-08 06:45:51
3073,天方能源,TPEx,,active,2025-09-08 06:45:51
3078,僑威,TPEx,,active,2025-09-08 06:45:51
3080,威力盟,TPEx,,active,2025-09-08 06:45:51
3081,聯亞,TPEx,,active,2025-09-08 06:45:51
3083,網龍,TPEx,,active,2025-09-08 06:45:51
3085,新零售,TPEx,,active,2025-09-08 06:45:51
3086,華義,TPEx,,active,2025-09-08 06:45:51
3088,艾訊,TPEx,,active,2025-09-08 06:45:51
3089,億杰,TPEx,,active,2025-09-08 06:45:51
3090,日電貿,TPEx,,active,2025-09-08 06:45:51
3092,鴻碩,TPEx,,active,2025-09-08 06:45:51
3093,港建*,TPEx,,active,2025-09-08 06:45:51
3094,聯傑,TPEx,,active,2025-09-08 06:45:51
3095,及成,TPEx,,active,2025-09-08 06:45:51
3097,拍檔,TPEx,,active,2025-09-08 06:45:51
3105,穩懋,TPEx,,active,2025-09-08 06:45:51
3114,好德,TPEx,,active,2025-09-08 06:45:51
3115,富榮綱,TPEx,,active,2025-09-08 06:45:51
3117,年程,TPEx,,active,2025-09-08 06:45:51
3118,進階,TPEx,,active,2025-09-08 06:45:51
3122,笙泉,TPEx,,active,2025-09-08 06:45:51
3128,昇銳,TPEx,,active,2025-09-08 06:45:51
3130,一零四,TPEx,,active,2025-09-08 06:45:51
3131,弘塑,TPEx,,active,2025-09-08 06:45:51
3135,凌航,TPEx,,active,2025-09-08 06:45:51
3138,耀登,TPEx,,active,2025-09-08 06:45:51
3141,晶宏,TPEx,,active,2025-09-08 06:45:51
3142,遠茂,TPEx,,active,2025-09-08 06:45:51
3144,新揚科,TPEx,,active,2025-09-08 06:45:51
3147,大綜,TPEx,,active,2025-09-08 06:45:51
3149,正達,TPEx,,active,2025-09-08 06:45:51
3150,鈺寶-創,TPEx,,active,2025-09-08 06:45:51
3152,璟德,TPEx,,active,2025-09-08 06:45:51
3158,嘉實,TPEx,,active,2025-09-08 06:45:51
3162,精確,TPEx,,active,2025-09-08 06:45:51
3163,波若威,TPEx,,active,2025-09-08 06:45:51
3164,景岳,TPEx,,active,2025-09-08 06:45:51
3167,大量,TPEx,,active,2025-09-08 06:45:51
3168,眾福科,TPEx,,active,2025-09-08 06:45:51
3169,亞信,TPEx,,active,2025-09-08 06:45:51
3171,炎洲流通,TPEx,,active,2025-09-08 06:45:51
3176,基亞,TPEx,,active,2025-09-08 06:45:51
3178,公準,TPEx,,active,2025-09-08 06:45:51
3184,微邦,TPEx,,active,2025-09-08 06:45:51
3188,鑫龍騰,TPEx,,active,2025-09-08 06:45:51
3189,景碩,TPEx,,active,2025-09-08 06:45:51
3191,雲嘉南,TPEx,,active,2025-09-08 06:45:51
3202,樺晟,TPEx,,active,2025-09-08 06:45:51
3205,佰研,TPEx,,active,2025-09-08 06:45:51
3206,志豐,TPEx,,active,2025-09-08 06:45:51
3207,耀勝,TPEx,,active,2025-09-08 06:45:51
3209,全科,TPEx,,active,2025-09-08 06:45:51
3211,順達,TPEx,,active,2025-09-08 06:45:51
3213,茂訊,TPEx,,active,2025-09-08 06:45:51
3214,元砷,TPEx,,active,2025-09-08 06:45:51
3217,優群,TPEx,,active,2025-09-08 06:45:51
3218,大學光,TPEx,,active,2025-09-08 06:45:51
3219,倚強科,TPEx,,active,2025-09-08 06:45:51
3221,台嘉碩,TPEx,,active,2025-09-08 06:45:51
3224,三顧,TPEx,,active,2025-09-08 06:45:51
3226,龍鋒,TPEx,,active,2025-09-08 06:45:51
3227,原相,TPEx,,active,2025-09-08 06:45:51
3228,金麗科,TPEx,,active,2025-09-08 06:45:51
3229,晟鈦,TPEx,,active,2025-09-08 06:45:51
3230,錦明,TPEx,,active,2025-09-08 06:45:51
3231,緯創,TPEx,,active,2025-09-08 06:45:51
3232,昱捷,TPEx,,active,2025-09-08 06:45:51
3234,光環,TPEx,,active,2025-09-08 06:45:51
3236,千如,TPEx,,active,2025-09-08 06:45:51
3252,海灣,TPEx,,active,2025-09-08 06:45:51
3257,虹冠電,TPEx,,active,2025-09-08 06:45:51
3259,鑫創,TPEx,,active,2025-09-08 06:45:51
3260,威剛,TPEx,,active,2025-09-08 06:45:51
3264,欣銓,TPEx,,active,2025-09-08 06:45:51
3265,台星科,TPEx,,active,2025-09-08 06:45:51
3266,昇陽,TPEx,,active,2025-09-08 06:45:51
3268,海德威,TPEx,,active,2025-09-08 06:45:51
3271,其樂達,TPEx,,active,2025-09-08 06:45:51
3272,東碩,TPEx,,active,2025-09-08 06:45:51
3276,宇環,TPEx,,active,2025-09-08 06:45:51
3284,太普高,TPEx,,active,2025-09-08 06:45:51
3285,微端,TPEx,,active,2025-09-08 06:45:51
3287,廣寰科,TPEx,,active,2025-09-08 06:45:51
3288,點晶,TPEx,,active,2025-09-08 06:45:51
3289,宜特,TPEx,,active,2025-09-08 06:45:51
3290,東浦,TPEx,,active,2025-09-08 06:45:51
3293,鈊象,TPEx,,active,2025-09-08 06:45:51
3294,英濟,TPEx,,active,2025-09-08 06:45:51
3296,勝德,TPEx,,active,2025-09-08 06:45:51
3297,杭特,TPEx,,active,2025-09-08 06:45:51
3303,岱稜,TPEx,,active,2025-09-08 06:45:51
3305,昇貿,TPEx,,active,2025-09-08 06:45:51
3306,鼎天,TPEx,,active,2025-09-08 06:45:51
3308,聯德,TPEx,,active,2025-09-08 06:45:51
3310,佳穎,TPEx,,active,2025-09-08 06:45:51
3311,閎暉,TPEx,,active,2025-09-08 06:45:51
3312,弘憶股,TPEx,,active,2025-09-08 06:45:51
3313,斐成,TPEx,,active,2025-09-08 06:45:51
3315,宣昶,TPEx,,active,2025-09-08 06:45:51
3317,尼克森,TPEx,,active,2025-09-08 06:45:51
3321,同泰,TPEx,,active,2025-09-08 06:45:51
3322,建舜電,TPEx,,active,2025-09-08 06:45:51
3323,加百裕,TPEx,,active,2025-09-08 06:45:51
3324,雙鴻,TPEx,,active,2025-09-08 06:45:51
3325,旭品,TPEx,,active,2025-09-08 06:45:51
3332,幸康,TPEx,,active,2025-09-08 06:45:51
3338,泰碩,TPEx,,active,2025-09-08 06:45:51
3339,泰谷,TPEx,,active,2025-09-08 06:45:51
3346,麗清,TPEx,,active,2025-09-08 06:45:51
3349,寶德,TPEx,,active,2025-09-08 06:45:51
3354,律勝,TPEx,,active,2025-09-08 06:45:51
3356,奇偶,TPEx,,active,2025-09-08 06:45:51
3357,臺慶科,TPEx,,active,2025-09-08 06:45:51
3360,尚立,TPEx,,active,2025-09-08 06:45:51
3362,先進光,TPEx,,active,2025-09-08 06:45:51
3363,上詮,TPEx,,active,2025-09-08 06:45:51
3367,英華達,TPEx,,active,2025-09-08 06:45:51
3372,典範,TPEx,,active,2025-09-08 06:45:51
3373,熱映,TPEx,,active,2025-09-08 06:45:51
3374,精材,TPEx,,active,2025-09-08 06:45:51
3376,新日興,TPEx,,active,2025-09-08 06:45:51
3379,彬台,TPEx,,active,2025-09-08 06:45:51
3380,明泰,TPEx,,active,2025-09-08 06:45:51
3383,新世紀,TPEx,,active,2025-09-08 06:45:51
3388,崇越電,TPEx,,active,2025-09-08 06:45:51
3390,旭軟,TPEx,,active,2025-09-08 06:45:51
3402,漢科,TPEx,,active,2025-09-08 06:45:51
3406,玉晶光,TPEx,,active,2025-09-08 06:45:51
3413,京鼎,TPEx,,active,2025-09-08 06:45:51
3416,融程電,TPEx,,active,2025-09-08 06:45:51
3419,譁裕,TPEx,,active,2025-09-08 06:45:51
3426,台興,TPEx,,active,2025-09-08 06:45:51
3430,奇鈦科,TPEx,,active,2025-09-08 06:45:51
3432,台端,TPEx,,active,2025-09-08 06:45:51
3434,哲固,TPEx,,active,2025-09-08 06:45:51
3437,榮創,TPEx,,active,2025-09-08 06:45:51
3438,類比科,TPEx,,active,2025-09-08 06:45:51
3441,聯一光,TPEx,,active,2025-09-08 06:45:51
3443,創意,TPEx,,active,2025-09-08 06:45:51
3444,利機,TPEx,,active,2025-09-08 06:45:51
3447,展達,TPEx,,active,2025-09-08 06:45:51
3450,聯鈞,TPEx,,active,2025-09-08 06:45:51
3454,晶睿,TPEx,,active,2025-09-08 06:45:51
3455,由田,TPEx,,active,2025-09-08 06:45:51
3465,進泰電子,TPEx,,active,2025-09-08 06:45:51
3466,德晉,TPEx,,active,2025-09-08 06:45:51
3467,台灣精材,TPEx,,active,2025-09-08 06:45:51
3473,智通聯網,TPEx,,active,2025-09-08 06:45:51
3474,華亞科,TPEx,,active,2025-09-08 06:45:51
3479,安勤,TPEx,,active,2025-09-08 06:45:51
3481,群創,TPEx,,active,2025-09-08 06:45:51
3483,力致,TPEx,,active,2025-09-08 06:45:51
3484,崧騰,TPEx,,active,2025-09-08 06:45:51
3485,敘豐,TPEx,,active,2025-09-08 06:45:51
3489,森寶,TPEx,,active,2025-09-08 06:45:51
3490,單井,TPEx,,active,2025-09-08 06:45:51
3491,昇達科,TPEx,,active,2025-09-08 06:45:51
3492,長盛,TPEx,,active,2025-09-08 06:45:51
3494,誠研,TPEx,,active,2025-09-08 06:45:51
3498,陽程,TPEx,,active,2025-09-08 06:45:51
3499,環天科,TPEx,,active,2025-09-08 06:45:51
3501,維熹,TPEx,,active,2025-09-08 06:45:51
3504,揚明光,TPEx,,active,2025-09-08 06:45:51
3508,位速,TPEx,,active,2025-09-08 06:45:51
3511,矽瑪,TPEx,,active,2025-09-08 06:45:51
3512,皇龍,TPEx,,active,2025-09-08 06:45:51
3514,昱晶,TPEx,,active,2025-09-08 06:45:51
3515,華擎,TPEx,,active,2025-09-08 06:45:51
3516,亞帝歐,TPEx,,active,2025-09-08 06:45:51
3518,柏騰,TPEx,,active,2025-09-08 06:45:51
3519,綠能,TPEx,,active,2025-09-08 06:45:51
3520,華盈,TPEx,,active,2025-09-08 06:45:51
3521,鴻翊,TPEx,,active,2025-09-08 06:45:51
3522,御嵿,TPEx,,active,2025-09-08 06:45:51
3523,迎輝,TPEx,,active,2025-09-08 06:45:51
3526,凡甲,TPEx,,active,2025-09-08 06:45:51
3527,聚積,TPEx,,active,2025-09-08 06:45:51
3528,安馳,TPEx,,active,2025-09-08 06:45:51
3529,力旺,TPEx,,active,2025-09-08 06:45:51
3530,晶相光,TPEx,,active,2025-09-08 06:45:51
3531,先益,TPEx,,active,2025-09-08 06:45:51
3532,台勝科,TPEx,,active,2025-09-08 06:45:51
3533,嘉澤,TPEx,,active,2025-09-08 06:45:51
3534,雷凌,TPEx,,active,2025-09-08 06:45:51
3535,晶彩科,TPEx,,active,2025-09-08 06:45:51
3536,誠創,TPEx,,active,2025-09-08 06:45:51
3537,堡達,TPEx,,active,2025-09-08 06:45:51
3540,曜越,TPEx,,active,2025-09-08 06:45:51
3541,西柏,TPEx,,active,2025-09-08 06:45:51
3543,州巧,TPEx,,active,2025-09-08 06:45:51
3545,敦泰,TPEx,,active,2025-09-08 06:45:51
3546,宇峻,TPEx,,active,2025-09-08 06:45:51
3548,兆利,TPEx,,active,2025-09-08 06:45:51
3550,聯穎,TPEx,,active,2025-09-08 06:45:51
3551,世禾,TPEx,,active,2025-09-08 06:45:51
3552,同致,TPEx,,active,2025-09-08 06:45:51
3555,博士旺,TPEx,,active,2025-09-08 06:45:51
3556,禾瑞亞,TPEx,,active,2025-09-08 06:45:51
3557,嘉威,TPEx,,active,2025-09-08 06:45:51
3558,神準,TPEx,,active,2025-09-08 06:45:51
3559,全智科,TPEx,,active,2025-09-08 06:45:51
3561,昇陽光電,TPEx,,active,2025-09-08 06:45:51
3563,牧德,TPEx,,active,2025-09-08 06:45:51
3564,其陽,TPEx,,active,2025-09-08 06:45:51
3567,逸昌,TPEx,,active,2025-09-08 06:45:51
3570,大塚,TPEx,,active,2025-09-08 06:45:51
3573,穎台,TPEx,,active,2025-09-08 06:45:51
3576,聯合再生,TPEx,,active,2025-09-08 06:45:51
3577,泓格,TPEx,,active,2025-09-08 06:45:51
3579,尚志,TPEx,,active,2025-09-08 06:45:51
3580,友威科,TPEx,,active,2025-09-08 06:45:51
3581,博磊,TPEx,,active,2025-09-08 06:45:51
3583,辛耘,TPEx,,active,2025-09-08 06:45:51
3584,介面,TPEx,,active,2025-09-08 06:45:51
3585,聯致,TPEx,,active,2025-09-08 06:45:51
3587,閎康,TPEx,,active,2025-09-08 06:45:51
3588,通嘉,TPEx,,active,2025-09-08 06:45:51
3591,艾笛森,TPEx,,active,2025-09-08 06:45:51
3592,瑞鼎,TPEx,,active,2025-09-08 06:45:51
3593,力銘,TPEx,,active,2025-09-08 06:45:51
3594,磐儀,TPEx,,active,2025-09-08 06:45:51
3595,山太士,TPEx,,active,2025-09-08 06:45:51
3596,智易,TPEx,,active,2025-09-08 06:45:51
3597,映興,TPEx,,active,2025-09-08 06:45:51
3598,奕力,TPEx,,active,2025-09-08 06:45:51
3599,旺能,TPEx,,active,2025-09-08 06:45:51
3603,建祥國際,TPEx,,active,2025-09-08 06:45:51
3605,宏致,TPEx,,active,2025-09-08 06:45:51
3607,谷崧,TPEx,,active,2025-09-08 06:45:51
3609,三一東林,TPEx,,active,2025-09-08 06:45:51
3611,鼎翰,TPEx,,active,2025-09-08 06:45:51
3614,誠致,TPEx,,active,2025-09-08 06:45:51
3615,安可,TPEx,,active,2025-09-08 06:45:51
3616,泓辰,TPEx,,active,2025-09-08 06:45:51
3617,碩天,TPEx,,active,2025-09-08 06:45:51
3622,洋華,TPEx,,active,2025-09-08 06:45:51
3623,富晶通,TPEx,,active,2025-09-08 06:45:51
3624,光頡,TPEx,,active,2025-09-08 06:45:51
3625,西勝,TPEx,,active,2025-09-08 06:45:51
3627,華信科,TPEx,,active,2025-09-08 06:45:51
3628,盈正,TPEx,,active,2025-09-08 06:45:51
3629,地心引力,TPEx,,active,2025-09-08 06:45:51
3630,新鉅科,TPEx,,active,2025-09-08 06:45:51
3631,晟楠,TPEx,,active,2025-09-08 06:45:51
3632,研勤,TPEx,,active,2025-09-08 06:45:51
3633,云光,TPEx,,active,2025-09-08 06:45:51
3638,F-IML,TPEx,,active,2025-09-08 06:45:51
3642,駿熠電,TPEx,,active,2025-09-08 06:45:51
3645,達邁,TPEx,,active,2025-09-08 06:45:51
3646,艾恩特,TPEx,,active,2025-09-08 06:45:51
3652,精聯,TPEx,,active,2025-09-08 06:45:51
3653,健策,TPEx,,active,2025-09-08 06:45:51
3659,百辰,TPEx,,active,2025-09-08 06:45:51
3661,世芯-KY,TPEx,,active,2025-09-08 06:45:51
3663,鑫科,TPEx,,active,2025-09-08 06:45:51
3664,安瑞-KY,TPEx,,active,2025-09-08 06:45:51
3665,貿聯-KY,TPEx,,active,2025-09-08 06:45:51
3666,光耀,TPEx,,active,2025-09-08 06:45:51
3669,圓展,TPEx,,active,2025-09-08 06:45:51
3672,康聯訊,TPEx,,active,2025-09-08 06:45:51
3673,TPK-KY,TPEx,,active,2025-09-08 06:45:51
3675,德微,TPEx,,active,2025-09-08 06:45:51
3678,聯享,TPEx,,active,2025-09-08 06:45:51
3679,新至陞,TPEx,,active,2025-09-08 06:45:51
3680,家登,TPEx,,active,2025-09-08 06:45:51
3682,亞太電,TPEx,,active,2025-09-08 06:45:51
3684,榮昌,TPEx,,active,2025-09-08 06:45:51
3685,元創精密,TPEx,,active,2025-09-08 06:45:51
3686,達能,TPEx,,active,2025-09-08 06:45:51
3687,歐買尬,TPEx,,active,2025-09-08 06:45:51
3689,湧德,TPEx,,active,2025-09-08 06:45:51
3691,碩禾,TPEx,,active,2025-09-08 06:45:51
3693,營邦,TPEx,,active,2025-09-08 06:45:51
3694,海華,TPEx,,active,2025-09-08 06:45:51
3697,F-晨星,TPEx,,active,2025-09-08 06:45:51
3698,隆達,TPEx,,active,2025-09-08 06:45:51
3701,大眾控,TPEx,,active,2025-09-08 06:45:51
3702,大聯大,TPEx,,active,2025-09-08 06:45:51
3703,欣陸,TPEx,,active,2025-09-08 06:45:51
3704,合勤控,TPEx,,active,2025-09-08 06:45:51
3705,永信,TPEx,,active,2025-09-08 06:45:51
3706,神達,TPEx,,active,2025-09-08 06:45:51
3707,漢磊,TPEx,,active,2025-09-08 06:45:51
3708,上緯投控,TPEx,,active,2025-09-08 06:45:51
3709,鑫聯大投控,TPEx,,active,2025-09-08 06:45:51
3710,連展投控,TPEx,,active,2025-09-08 06:45:51
3711,日月光投控,TPEx,,active,2025-09-08 06:45:51
3712,永崴投控,TPEx,,active,2025-09-08 06:45:51
3713,新晶投控,TPEx,,active,2025-09-08 06:45:51
3714,富采,TPEx,,active,2025-09-08 06:45:51
3715,定穎投控,TPEx,,active,2025-09-08 06:45:51
3716,中化控股,TPEx,,active,2025-09-08 06:45:51
3717,聯嘉投控,TPEx,,active,2025-09-08 06:45:51
4102,永日,TPEx,,active,2025-09-08 06:45:51
4104,佳醫,TPEx,,active,2025-09-08 06:45:51
4105,東洋,TPEx,,active,2025-09-08 06:45:51
4106,雃博,TPEx,,active,2025-09-08 06:45:51
4107,邦特,TPEx,,active,2025-09-08 06:45:51
4108,懷特,TPEx,,active,2025-09-08 06:45:51
4109,加捷生醫,TPEx,,active,2025-09-08 06:45:51
4111,濟生,TPEx,,active,2025-09-08 06:45:51
4113,聯上,TPEx,,active,2025-09-08 06:45:51
4114,健喬,TPEx,,active,2025-09-08 06:45:51
4115,善德生技,TPEx,,active,2025-09-08 06:45:51
4116,明基醫,TPEx,,active,2025-09-08 06:45:51
4117,普生,TPEx,,active,2025-09-08 06:45:51
4119,旭富,TPEx,,active,2025-09-08 06:45:51
4120,友華,TPEx,,active,2025-09-08 06:45:51
4121,優盛,TPEx,,active,2025-09-08 06:45:51
4123,晟德,TPEx,,active,2025-09-08 06:45:51
4126,太醫,TPEx,,active,2025-09-08 06:45:51
4127,天良,TPEx,,active,2025-09-08 06:45:51
4128,中天,TPEx,,active,2025-09-08 06:45:51
4129,聯合,TPEx,,active,2025-09-08 06:45:51
4130,健亞,TPEx,,active,2025-09-08 06:45:51
4131,浩泰,TPEx,,active,2025-09-08 06:45:51
4132,國鼎,TPEx,,active,2025-09-08 06:45:51
4133,亞諾法,TPEx,,active,2025-09-08 06:45:51
4137,麗豐-KY,TPEx,,active,2025-09-08 06:45:51
4138,曜亞,TPEx,,active,2025-09-08 06:45:51
4139,馬光-KY,TPEx,,active,2025-09-08 06:45:51
4141,龍燈-KY,TPEx,,active,2025-09-08 06:45:51
4142,國光生,TPEx,,active,2025-09-08 06:45:51
4144,康聯-KY,TPEx,,active,2025-09-08 06:45:51
4147,中裕,TPEx,,active,2025-09-08 06:45:51
4148,全宇生技-KY,TPEx,,active,2025-09-08 06:45:51
4150,優你康,TPEx,,active,2025-09-08 06:45:51
4152,台微體,TPEx,,active,2025-09-08 06:45:51
4153,鈺緯,TPEx,,active,2025-09-08 06:45:51
4154,樂威科-KY,TPEx,,active,2025-09-08 06:45:51
4155,訊映,TPEx,,active,2025-09-08 06:45:51
4157,太景*-KY,TPEx,,active,2025-09-08 06:45:51
4160,訊聯基因,TPEx,,active,2025-09-08 06:45:51
4161,聿新科,TPEx,,active,2025-09-08 06:45:51
4162,智擎,TPEx,,active,2025-09-08 06:45:51
4163,鐿鈦,TPEx,,active,2025-09-08 06:45:51
4164,承業醫,TPEx,,active,2025-09-08 06:45:51
4166,友霖,TPEx,,active,2025-09-08 06:45:51
4167,松瑞藥,TPEx,,active,2025-09-08 06:45:51
4168,醣聯,TPEx,,active,2025-09-08 06:45:51
4169,泰宗,TPEx,,active,2025-09-08 06:45:51
4170,鑫品生醫,TPEx,,active,2025-09-08 06:45:51
4171,瑞基,TPEx,,active,2025-09-08 06:45:51
4172,因華,TPEx,,active,2025-09-08 06:45:51
4173,久裕,TPEx,,active,2025-09-08 06:45:51
4174,浩鼎,TPEx,,active,2025-09-08 06:45:51
4175,杏一,TPEx,,active,2025-09-08 06:45:51
4178,永笙-KY,TPEx,,active,2025-09-08 06:45:51
4183,福永生技,TPEx,,active,2025-09-08 06:45:51
4186,尖端醫,TPEx,,active,2025-09-08 06:45:51
4188,安克,TPEx,,active,2025-09-08 06:45:51
4190,佐登-KY,TPEx,,active,2025-09-08 06:45:51
4192,杏國,TPEx,,active,2025-09-08 06:45:51
4194,禾生技,TPEx,,active,2025-09-08 06:45:51
4195,基米,TPEx,,active,2025-09-08 06:45:51
4197,暐世,TPEx,,active,2025-09-08 06:45:51
4198,欣大健康,TPEx,,active,2025-09-08 06:45:51
4205,中華食,TPEx,,active,2025-09-08 06:45:51
4207,環泰,TPEx,,active,2025-09-08 06:45:51
4303,信立,TPEx,,active,2025-09-08 06:45:51
4304,勝昱,TPEx,,active,2025-09-08 06:45:51
4305,世坤,TPEx,,active,2025-09-08 06:45:51
4306,炎洲,TPEx,,active,2025-09-08 06:45:51
4401,東隆興,TPEx,,active,2025-09-08 06:45:51
4402,郡都開發,TPEx,,active,2025-09-08 06:45:51
4406,新昕纖,TPEx,,active,2025-09-08 06:45:51
4413,飛寶企業,TPEx,,active,2025-09-08 06:45:51
4414,如興,TPEx,,active,2025-09-08 06:45:51
4416,三圓,TPEx,,active,2025-09-08 06:45:51
4417,金洲,TPEx,,active,2025-09-08 06:45:51
4419,皇家美食,TPEx,,active,2025-09-08 06:45:51
4420,光明,TPEx,,active,2025-09-08 06:45:51
4426,利勤,TPEx,,active,2025-09-08 06:45:51
4429,聚紡,TPEx,,active,2025-09-08 06:45:51
4430,耀億,TPEx,,active,2025-09-08 06:45:51
4431,敏成健康,TPEx,,active,2025-09-08 06:45:51
4432,銘旺實,TPEx,,active,2025-09-08 06:45:51
4433,興采,TPEx,,active,2025-09-08 06:45:51
4438,廣越,TPEx,,active,2025-09-08 06:45:51
4439,冠星-KY,TPEx,,active,2025-09-08 06:45:51
4440,宜新實業,TPEx,,active,2025-09-08 06:45:51
4441,振大環球,TPEx,,active,2025-09-08 06:45:51
4442,竣邦-KY,TPEx,,active,2025-09-08 06:45:51
4502,健信,TPEx,,active,2025-09-08 06:45:51
4503,金雨,TPEx,,active,2025-09-08 06:45:51
4506,崇友,TPEx,,active,2025-09-08 06:45:51
4510,高鋒,TPEx,,active,2025-09-08 06:45:51
4513,福裕,TPEx,,active,2025-09-08 06:45:51
4523,永彰,TPEx,,active,2025-09-08 06:45:51
4526,東台,TPEx,,active,2025-09-08 06:45:51
4527,方土霖,TPEx,,active,2025-09-08 06:45:51
4528,江興鍛,TPEx,,active,2025-09-08 06:45:51
4529,淳紳,TPEx,,active,2025-09-08 06:45:51
4530,宏易,TPEx,,active,2025-09-08 06:45:51
4532,瑞智,TPEx,,active,2025-09-08 06:45:51
4533,協易機,TPEx,,active,2025-09-08 06:45:51
4534,慶騰,TPEx,,active,2025-09-08 06:45:51
4535,至興,TPEx,,active,2025-09-08 06:45:51
4536,拓凱,TPEx,,active,2025-09-08 06:45:51
4537,旭東,TPEx,,active,2025-09-08 06:45:51
4538,大詠城,TPEx,,active,2025-09-08 06:45:51
4540,全球傳動,TPEx,,active,2025-09-08 06:45:51
4541,晟田,TPEx,,active,2025-09-08 06:45:51
4542,科嶠,TPEx,,active,2025-09-08 06:45:51
4543,萬在,TPEx,,active,2025-09-08 06:45:51
4544,春日,TPEx,,active,2025-09-08 06:45:51
4545,銘鈺,TPEx,,active,2025-09-08 06:45:51
4546,長亨,TPEx,,active,2025-09-08 06:45:51
4549,桓達,TPEx,,active,2025-09-08 06:45:51
4550,長佳,TPEx,,active,2025-09-08 06:45:51
4551,智伸科,TPEx,,active,2025-09-08 06:45:51
4552,力達-KY,TPEx,,active,2025-09-08 06:45:51
4553,盛復,TPEx,,active,2025-09-08 06:45:51
4554,橙的,TPEx,,active,2025-09-08 06:45:51
4555,氣立,TPEx,,active,2025-09-08 06:45:51
4556,旭然,TPEx,,active,2025-09-08 06:45:51
4557,永新-KY,TPEx,,active,2025-09-08 06:45:51
4558,寶緯,TPEx,,active,2025-09-08 06:45:51
4559,久裕興,TPEx,,active,2025-09-08 06:45:51
4560,強信-KY,TPEx,,active,2025-09-08 06:45:51
4561,健椿,TPEx,,active,2025-09-08 06:45:51
4562,穎漢,TPEx,,active,2025-09-08 06:45:51
4563,百德,TPEx,,active,2025-09-08 06:45:51
4564,元翎,TPEx,,active,2025-09-08 06:45:51
4565,宏偉,TPEx,,active,2025-09-08 06:45:51
4566,時碩工業,TPEx,,active,2025-09-08 06:45:51
4568,科際精密,TPEx,,active,2025-09-08 06:45:51
4569,六方科-KY,TPEx,,active,2025-09-08 06:45:51
4570,傑生,TPEx,,active,2025-09-08 06:45:51
4571,鈞興-KY,TPEx,,active,2025-09-08 06:45:51
4572,駐龍,TPEx,,active,2025-09-08 06:45:51
4573,高明鐵,TPEx,,active,2025-09-08 06:45:51
4575,銓寶,TPEx,,active,2025-09-08 06:45:51
4576,大銀微系統,TPEx,,active,2025-09-08 06:45:51
4577,達航科技,TPEx,,active,2025-09-08 06:45:51
4578,總格精密,TPEx,,active,2025-09-08 06:45:51
4580,捷流閥業,TPEx,,active,2025-09-08 06:45:51
4581,光隆精密-KY,TPEx,,active,2025-09-08 06:45:51
4582,聚恆,TPEx,,active,2025-09-08 06:45:51
4583,台灣精銳,TPEx,,active,2025-09-08 06:45:51
4584,君帆,TPEx,,active,2025-09-08 06:45:51
4585,達明,TPEx,,active,2025-09-08 06:45:51
4587,寶元數控,TPEx,,active,2025-09-08 06:45:51
4588,玖鼎電力,TPEx,,active,2025-09-08 06:45:51
4589,碩陽電機,TPEx,,active,2025-09-08 06:45:51
4590,富田,TPEx,,active,2025-09-08 06:45:51
4609,唐鋒,TPEx,,active,2025-09-08 06:45:51
4702,中美實,TPEx,,active,2025-09-08 06:45:51
4706,大恭,TPEx,,active,2025-09-08 06:45:51
4707,磐亞,TPEx,,active,2025-09-08 06:45:51
4711,永純,TPEx,,active,2025-09-08 06:45:51
4712,南璋,TPEx,,active,2025-09-08 06:45:51
4714,永捷,TPEx,,active,2025-09-08 06:45:51
4716,大立,TPEx,,active,2025-09-08 06:45:51
4720,德淵,TPEx,,active,2025-09-08 06:45:51
4721,美琪瑪,TPEx,,active,2025-09-08 06:45:51
4722,國精化,TPEx,,active,2025-09-08 06:45:51
4724,宣捷幹細胞,TPEx,,active,2025-09-08 06:45:51
4725,信昌化,TPEx,,active,2025-09-08 06:45:51
4726,永昕,TPEx,,active,2025-09-08 06:45:51
4728,雙美,TPEx,,active,2025-09-08 06:45:51
4729,熒茂,TPEx,,active,2025-09-08 06:45:51
4732,彥臣,TPEx,,active,2025-09-08 06:45:51
4733,上緯,TPEx,,active,2025-09-08 06:45:51
4735,豪展,TPEx,,active,2025-09-08 06:45:51
4736,泰博,TPEx,,active,2025-09-08 06:45:51
4737,華廣,TPEx,,active,2025-09-08 06:45:51
4738,大同精化,TPEx,,active,2025-09-08 06:45:51
4739,康普,TPEx,,active,2025-09-08 06:45:51
4741,泓瀚,TPEx,,active,2025-09-08 06:45:51
4743,合一,TPEx,,active,2025-09-08 06:45:51
4744,皇將,TPEx,,active,2025-09-08 06:45:51
4745,合富-KY,TPEx,,active,2025-09-08 06:45:51
4746,台耀,TPEx,,active,2025-09-08 06:45:51
4747,強生,TPEx,,active,2025-09-08 06:45:51
4749,新應材,TPEx,,active,2025-09-08 06:45:51
4754,國碳科,TPEx,,active,2025-09-08 06:45:51
4755,三福化,TPEx,,active,2025-09-08 06:45:51
4760,勤凱,TPEx,,active,2025-09-08 06:45:51
4763,材料*-KY,TPEx,,active,2025-09-08 06:45:51
4764,雙鍵,TPEx,,active,2025-09-08 06:45:51
4765,磐采,TPEx,,active,2025-09-08 06:45:51
4766,南寶,TPEx,,active,2025-09-08 06:45:51
4767,誠泰科技,TPEx,,active,2025-09-08 06:45:51
4768,晶呈科技,TPEx,,active,2025-09-08 06:45:51
4770,上品,TPEx,,active,2025-09-08 06:45:51
4771,望隼,TPEx,,active,2025-09-08 06:45:51
4772,台特化,TPEx,,active,2025-09-08 06:45:51
4773,高福,TPEx,,active,2025-09-08 06:45:51
4803,VHQ-KY,TPEx,,active,2025-09-08 06:45:51
4804,大略-KY,TPEx,,active,2025-09-08 06:45:51
4806,桂田文創,TPEx,,active,2025-09-08 06:45:51
4807,日成-KY,TPEx,,active,2025-09-08 06:45:51
4903,聯光通,TPEx,,active,2025-09-08 06:45:51
4904,遠傳,TPEx,,active,2025-09-08 06:45:51
4905,台聯電,TPEx,,active,2025-09-08 06:45:51
4906,正文,TPEx,,active,2025-09-08 06:45:51
4907,富宇,TPEx,,active,2025-09-08 06:45:51
4908,前鼎,TPEx,,active,2025-09-08 06:45:51
4909,新復興,TPEx,,active,2025-09-08 06:45:51
4911,德英,TPEx,,active,2025-09-08 06:45:51
4912,聯德控股-KY,TPEx,,active,2025-09-08 06:45:51
4915,致伸,TPEx,,active,2025-09-08 06:45:51
4916,事欣科,TPEx,,active,2025-09-08 06:45:51
4919,新唐,TPEx,,active,2025-09-08 06:45:51
4923,力士,TPEx,,active,2025-09-08 06:45:51
4924,欣厚-KY,TPEx,,active,2025-09-08 06:45:51
4925,智微,TPEx,,active,2025-09-08 06:45:51
4927,泰鼎-KY,TPEx,,active,2025-09-08 06:45:51
4930,燦星網,TPEx,,active,2025-09-08 06:45:51
4931,新盛力,TPEx,,active,2025-09-08 06:45:51
4933,友輝,TPEx,,active,2025-09-08 06:45:51
4934,太極,TPEx,,active,2025-09-08 06:45:51
4935,茂林-KY,TPEx,,active,2025-09-08 06:45:51
4938,和碩,TPEx,,active,2025-09-08 06:45:51
4939,亞電,TPEx,,active,2025-09-08 06:45:51
4942,嘉彰,TPEx,,active,2025-09-08 06:45:51
4943,康控-KY,TPEx,,active,2025-09-08 06:45:51
4944,兆遠,TPEx,,active,2025-09-08 06:45:51
4945,陞達科技,TPEx,,active,2025-09-08 06:45:51
4946,辣椒,TPEx,,active,2025-09-08 06:45:51
4949,有成精密,TPEx,,active,2025-09-08 06:45:51
4950,金耘國際,TPEx,,active,2025-09-08 06:45:51
4951,精拓科,TPEx,,active,2025-09-08 06:45:51
4952,凌通,TPEx,,active,2025-09-08 06:45:51
4953,緯軟,TPEx,,active,2025-09-08 06:45:51
4956,光鋐,TPEx,,active,2025-09-08 06:45:51
4958,臻鼎-KY,TPEx,,active,2025-09-08 06:45:51
4960,誠美材,TPEx,,active,2025-09-08 06:45:51
4961,天鈺,TPEx,,active,2025-09-08 06:45:51
4966,譜瑞-KY,TPEx,,active,2025-09-08 06:45:51
4967,十銓,TPEx,,active,2025-09-08 06:45:51
4968,立積,TPEx,,active,2025-09-08 06:45:51
4971,IET-KY,TPEx,,active,2025-09-08 06:45:51
4972,湯石照明,TPEx,,active,2025-09-08 06:45:51
4973,廣穎,TPEx,,active,2025-09-08 06:45:51
4974,亞泰,TPEx,,active,2025-09-08 06:45:51
4976,佳凌,TPEx,,active,2025-09-08 06:45:51
4977,眾達-KY,TPEx,,active,2025-09-08 06:45:51
4979,華星光,TPEx,,active,2025-09-08 06:45:51
4980,佐臻,TPEx,,active,2025-09-08 06:45:51
4984,科納-KY,TPEx,,active,2025-09-08 06:45:51
4987,科誠,TPEx,,active,2025-09-08 06:45:51
4989,榮科,TPEx,,active,2025-09-08 06:45:51
4991,環宇-KY,TPEx,,active,2025-09-08 06:45:51
4994,傳奇,TPEx,,active,2025-09-08 06:45:51
4995,晶達,TPEx,,active,2025-09-08 06:45:51
4999,鑫禾,TPEx,,active,2025-09-08 06:45:51
5007,三星,TPEx,,active,2025-09-08 06:45:51
5009,榮剛,TPEx,,active,2025-09-08 06:45:51
5011,久陽,TPEx,,active,2025-09-08 06:45:51
5013,強新,TPEx,,active,2025-09-08 06:45:51
5014,建錩,TPEx,,active,2025-09-08 06:45:51
5015,華祺,TPEx,,active,2025-09-08 06:45:51
5016,松和,TPEx,,active,2025-09-08 06:45:51
5102,富強,TPEx,,active,2025-09-08 06:45:51
5201,凱衛,TPEx,,active,2025-09-08 06:45:51
5202,力新,TPEx,,active,2025-09-08 06:45:51
5203,訊連,TPEx,,active,2025-09-08 06:45:51
5205,中茂,TPEx,,active,2025-09-08 06:45:51
5206,坤悅,TPEx,,active,2025-09-08 06:45:51
5209,新鼎,TPEx,,active,2025-09-08 06:45:51
5210,寶碩,TPEx,,active,2025-09-08 06:45:51
5211,蒙恬,TPEx,,active,2025-09-08 06:45:51
5212,凌網,TPEx,,active,2025-09-08 06:45:51
5213,亞昕,TPEx,,active,2025-09-08 06:45:51
5215,科嘉-KY,TPEx,,active,2025-09-08 06:45:51
5220,萬達光電,TPEx,,active,2025-09-08 06:45:51
5222,全訊,TPEx,,active,2025-09-08 06:45:51
5223,安力-KY,TPEx,,active,2025-09-08 06:45:51
5225,東科-KY,TPEx,,active,2025-09-08 06:45:51
5227,立凱-KY,TPEx,,active,2025-09-08 06:45:51
5228,鈺鎧,TPEx,,active,2025-09-08 06:45:51
5230,雷笛克光學,TPEx,,active,2025-09-08 06:45:51
5233,有量,TPEx,,active,2025-09-08 06:45:51
5234,達興材料,TPEx,,active,2025-09-08 06:45:51
5236,凌陽創新,TPEx,,active,2025-09-08 06:45:51
5240,建騰,TPEx,,active,2025-09-08 06:45:51
5243,乙盛-KY,TPEx,,active,2025-09-08 06:45:51
5244,弘凱,TPEx,,active,2025-09-08 06:45:51
5245,智晶,TPEx,,active,2025-09-08 06:45:51
5246,勵威,TPEx,,active,2025-09-08 06:45:51
5248,景傳,TPEx,,active,2025-09-08 06:45:51
5251,天鉞電,TPEx,,active,2025-09-08 06:45:51
5254,欣訊科技,TPEx,,active,2025-09-08 06:45:51
5258,虹堡,TPEx,,active,2025-09-08 06:45:51
5259,奕智博,TPEx,,active,2025-09-08 06:45:51
5262,立達,TPEx,,active,2025-09-08 06:45:51
5263,智崴,TPEx,,active,2025-09-08 06:45:51
5264,鎧勝-KY,TPEx,,active,2025-09-08 06:45:51
5267,龍翩,TPEx,,active,2025-09-08 06:45:51
5269,祥碩,TPEx,,active,2025-09-08 06:45:51
5271,紘通,TPEx,,active,2025-09-08 06:45:51
5272,笙科,TPEx,,active,2025-09-08 06:45:51
5274,信驊,TPEx,,active,2025-09-08 06:45:51
5276,達輝-KY,TPEx,,active,2025-09-08 06:45:51
5277,葳天,TPEx,,active,2025-09-08 06:45:51
5278,尚凡*,TPEx,,active,2025-09-08 06:45:51
5280,F-敦泰,TPEx,,active,2025-09-08 06:45:51
5281,大峽谷-KY,TPEx,,active,2025-09-08 06:45:51
5283,禾聯碩,TPEx,,active,2025-09-08 06:45:51
5284,jpp-KY,TPEx,,active,2025-09-08 06:45:51
5285,界霖,TPEx,,active,2025-09-08 06:45:51
5287,數字,TPEx,,active,2025-09-08 06:45:51
5288,豐祥-KY,TPEx,,active,2025-09-08 06:45:51
5289,宜鼎,TPEx,,active,2025-09-08 06:45:51
5291,邑昇,TPEx,,active,2025-09-08 06:45:51
5292,華懋,TPEx,,active,2025-09-08 06:45:51
5297,廣化,TPEx,,active,2025-09-08 06:45:51
5299,杰力,TPEx,,active,2025-09-08 06:45:51
5301,寶得利,TPEx,,active,2025-09-08 06:45:51
5302,太欣,TPEx,,active,2025-09-08 06:45:51
5304,鼎創達,TPEx,,active,2025-09-08 06:45:51
5305,敦南,TPEx,,active,2025-09-08 06:45:51
5306,桂盟,TPEx,,active,2025-09-08 06:45:51
5309,系統電,TPEx,,active,2025-09-08 06:45:51
5310,天剛,TPEx,,active,2025-09-08 06:45:51
5312,寶島科,TPEx,,active,2025-09-08 06:45:51
5314,世紀*,TPEx,,active,2025-09-08 06:45:51
5315,光聯,TPEx,,active,2025-09-08 06:45:51
5321,美而快,TPEx,,active,2025-09-08 06:45:51
5324,士開,TPEx,,active,2025-09-08 06:45:51
5328,華容,TPEx,,active,2025-09-08 06:45:51
5340,建榮,TPEx,,active,2025-09-08 06:45:51
5344,立衛,TPEx,,active,2025-09-08 06:45:51
5345,馥鴻,TPEx,,active,2025-09-08 06:45:51
5347,世界,TPEx,,active,2025-09-08 06:45:51
5348,正能量智能,TPEx,,active,2025-09-08 06:45:51
5349,先豐,TPEx,,active,2025-09-08 06:45:51
5351,鈺創,TPEx,,active,2025-09-08 06:45:51
5353,台林,TPEx,,active,2025-09-08 06:45:51
5355,佳總,TPEx,,active,2025-09-08 06:45:51
5356,協益,TPEx,,active,2025-09-08 06:45:51
5364,力麗店,TPEx,,active,2025-09-08 06:45:51
5371,中光電,TPEx,,active,2025-09-08 06:45:51
5381,合正,TPEx,,active,2025-09-08 06:45:51
5383,金利,TPEx,,active,2025-09-08 06:45:51
5386,青雲,TPEx,,active,2025-09-08 06:45:51
5388,中磊,TPEx,,active,2025-09-08 06:45:51
5392,能率,TPEx,,active,2025-09-08 06:45:51
5398,慕康生醫,TPEx,,active,2025-09-08 06:45:51
5403,中菲,TPEx,,active,2025-09-08 06:45:51
5410,國眾,TPEx,,active,2025-09-08 06:45:51
5425,台半,TPEx,,active,2025-09-08 06:45:51
5426,振發,TPEx,,active,2025-09-08 06:45:51
5432,新門,TPEx,,active,2025-09-08 06:45:51
5434,崇越,TPEx,,active,2025-09-08 06:45:51
5438,東友,TPEx,,active,2025-09-08 06:45:51
5439,高技,TPEx,,active,2025-09-08 06:45:51
5443,均豪,TPEx,,active,2025-09-08 06:45:51
5450,南良,TPEx,,active,2025-09-08 06:45:51
5452,佶優,TPEx,,active,2025-09-08 06:45:51
5455,昇益,TPEx,,active,2025-09-08 06:45:51
5457,宣德,TPEx,,active,2025-09-08 06:45:51
5460,同協,TPEx,,active,2025-09-08 06:45:51
5464,霖宏,TPEx,,active,2025-09-08 06:45:51
5465,富驊,TPEx,,active,2025-09-08 06:45:51
5468,凱鈺,TPEx,,active,2025-09-08 06:45:51
5469,瀚宇博,TPEx,,active,2025-09-08 06:45:51
5471,松翰,TPEx,,active,2025-09-08 06:45:51
5474,聰泰,TPEx,,active,2025-09-08 06:45:51
5475,德宏,TPEx,,active,2025-09-08 06:45:51
5478,智冠,TPEx,,active,2025-09-08 06:45:51
5481,新華,TPEx,,active,2025-09-08 06:45:51
5483,中美晶,TPEx,,active,2025-09-08 06:45:51
5484,慧友,TPEx,,active,2025-09-08 06:45:51
5487,通泰,TPEx,,active,2025-09-08 06:45:51
5488,松普,TPEx,,active,2025-09-08 06:45:51
5489,彩富,TPEx,,active,2025-09-08 06:45:51
5490,同亨,TPEx,,active,2025-09-08 06:45:51
5493,三聯,TPEx,,active,2025-09-08 06:45:51
5498,凱崴,TPEx,,active,2025-09-08 06:45:51
5508,永信建,TPEx,,active,2025-09-08 06:45:51
5511,德昌,TPEx,,active,2025-09-08 06:45:51
5512,力麒,TPEx,,active,2025-09-08 06:45:51
5514,三豐,TPEx,,active,2025-09-08 06:45:51
5515,建國,TPEx,,active,2025-09-08 06:45:51
5516,雙喜,TPEx,,active,2025-09-08 06:45:51
5519,隆大,TPEx,,active,2025-09-08 06:45:51
5520,力泰,TPEx,,active,2025-09-08 06:45:51
5521,工信,TPEx,,active,2025-09-08 06:45:51
5522,遠雄,TPEx,,active,2025-09-08 06:45:51
5523,豐謙,TPEx,,active,2025-09-08 06:45:51
5525,順天,TPEx,,active,2025-09-08 06:45:51
5529,鉅陞,TPEx,,active,2025-09-08 06:45:51
5530,龍巖,TPEx,,active,2025-09-08 06:45:51
5531,鄉林,TPEx,,active,2025-09-08 06:45:51
5533,皇鼎,TPEx,,active,2025-09-08 06:45:51
5534,長虹,TPEx,,active,2025-09-08 06:45:51
5536,聖暉*,TPEx,,active,2025-09-08 06:45:51
5538,東明-KY,TPEx,,active,2025-09-08 06:45:51
5543,桓鼎-KY,TPEx,,active,2025-09-08 06:45:51
5546,永固-KY,TPEx,,active,2025-09-08 06:45:51
5547,久舜,TPEx,,active,2025-09-08 06:45:51
5548,安倉,TPEx,,active,2025-09-08 06:45:51
5601,台聯櫃,TPEx,,active,2025-09-08 06:45:51
5603,陸海,TPEx,,active,2025-09-08 06:45:51
5604,中連,TPEx,,active,2025-09-08 06:45:51
5607,遠雄港,TPEx,,active,2025-09-08 06:45:51
5608,四維航,TPEx,,active,2025-09-08 06:45:51
5609,中菲行,TPEx,,active,2025-09-08 06:45:51
5701,劍湖山,TPEx,,active,2025-09-08 06:45:51
5703,亞都,TPEx,,active,2025-09-08 06:45:51
5704,老爺知,TPEx,,active,2025-09-08 06:45:51
5706,鳳凰,TPEx,,active,2025-09-08 06:45:51
5820,日盛金,TPEx,,active,2025-09-08 06:45:51
5854,合庫,TPEx,,active,2025-09-08 06:45:51
5859,遠壽,TPEx,,active,2025-09-08 06:45:51
5863,瑞興銀,TPEx,,active,2025-09-08 06:45:51
5864,致和證,TPEx,,active,2025-09-08 06:45:51
5871,中租-KY,TPEx,,active,2025-09-08 06:45:51
5876,上海商銀,TPEx,,active,2025-09-08 06:45:51
5878,台名,TPEx,,active,2025-09-08 06:45:51
5880,合庫金,TPEx,,active,2025-09-08 06:45:51
5902,德記,TPEx,,active,2025-09-08 06:45:51
5903,全家,TPEx,,active,2025-09-08 06:45:51
5904,寶雅,TPEx,,active,2025-09-08 06:45:51
5905,南仁湖,TPEx,,active,2025-09-08 06:45:51
5906,台南-KY,TPEx,,active,2025-09-08 06:45:51
5907,大洋-KY,TPEx,,active,2025-09-08 06:45:51
6004,元京證,TPEx,,active,2025-09-08 06:45:51
6005,群益證,TPEx,,active,2025-09-08 06:45:51
6012,金鼎證,TPEx,,active,2025-09-08 06:45:51
6015,宏遠證,TPEx,,active,2025-09-08 06:45:51
6016,康和證,TPEx,,active,2025-09-08 06:45:51
6020,大展證,TPEx,,active,2025-09-08 06:45:51
6021,美好證,TPEx,,active,2025-09-08 06:45:51
6023,元大期,TPEx,,active,2025-09-08 06:45:51
6024,群益期,TPEx,,active,2025-09-08 06:45:51
6026,福邦證,TPEx,,active,2025-09-08 06:45:51
6027,德信,TPEx,,active,2025-09-08 06:45:51
6028,公勝保經,TPEx,,active,2025-09-08 06:45:51
6035,悠遊卡,TPEx,,active,2025-09-08 06:45:51
6101,寬魚國際,TPEx,,active,2025-09-08 06:45:51
6103,合邦,TPEx,,active,2025-09-08 06:45:51
6104,創惟,TPEx,,active,2025-09-08 06:45:51
6108,競國,TPEx,,active,2025-09-08 06:45:51
6109,亞元,TPEx,,active,2025-09-08 06:45:51
6111,大宇資,TPEx,,active,2025-09-08 06:45:51
6112,邁達特,TPEx,,active,2025-09-08 06:45:51
6113,亞矽,TPEx,,active,2025-09-08 06:45:51
6114,久威,TPEx,,active,2025-09-08 06:45:51
6115,鎰勝,TPEx,,active,2025-09-08 06:45:51
6116,彩晶,TPEx,,active,2025-09-08 06:45:51
6117,迎廣,TPEx,,active,2025-09-08 06:45:51
6118,建達,TPEx,,active,2025-09-08 06:45:51
6119,大傳,TPEx,,active,2025-09-08 06:45:51
6120,達運,TPEx,,active,2025-09-08 06:45:51
6121,新普,TPEx,,active,2025-09-08 06:45:51
6122,擎邦,TPEx,,active,2025-09-08 06:45:51
6123,上奇,TPEx,,active,2025-09-08 06:45:51
6124,業強,TPEx,,active,2025-09-08 06:45:51
6125,廣運,TPEx,,active,2025-09-08 06:45:51
6126,信音,TPEx,,active,2025-09-08 06:45:51
6127,九豪,TPEx,,active,2025-09-08 06:45:51
6128,上福,TPEx,,active,2025-09-08 06:45:51
6129,普誠,TPEx,,active,2025-09-08 06:45:51
6130,上亞科技,TPEx,,active,2025-09-08 06:45:51
6131,鈞泰,TPEx,,active,2025-09-08 06:45:51
6133,金橋,TPEx,,active,2025-09-08 06:45:51
6134,萬旭,TPEx,,active,2025-09-08 06:45:51
6136,富爾特,TPEx,,active,2025-09-08 06:45:51
6138,茂達,TPEx,,active,2025-09-08 06:45:51
6139,亞翔,TPEx,,active,2025-09-08 06:45:51
6140,訊達,TPEx,,active,2025-09-08 06:45:51
6141,柏承,TPEx,,active,2025-09-08 06:45:51
6142,友勁,TPEx,,active,2025-09-08 06:45:51
6143,振曜,TPEx,,active,2025-09-08 06:45:51
6144,得利影,TPEx,,active,2025-09-08 06:45:51
6145,勁永,TPEx,,active,2025-09-08 06:45:51
6146,耕興,TPEx,,active,2025-09-08 06:45:51
6147,頎邦,TPEx,,active,2025-09-08 06:45:51
6148,驊宏資,TPEx,,active,2025-09-08 06:45:51
6150,撼訊,TPEx,,active,2025-09-08 06:45:51
6151,晉倫,TPEx,,active,2025-09-08 06:45:51
6152,百一,TPEx,,active,2025-09-08 06:45:51
6153,嘉聯益,TPEx,,active,2025-09-08 06:45:51
6154,順發,TPEx,,active,2025-09-08 06:45:51
6155,鈞寶,TPEx,,active,2025-09-08 06:45:51
6156,松上,TPEx,,active,2025-09-08 06:45:51
6158,禾昌,TPEx,,active,2025-09-08 06:45:51
6160,欣技,TPEx,,active,2025-09-08 06:45:51
6161,捷波,TPEx,,active,2025-09-08 06:45:51
6163,華電網,TPEx,,active,2025-09-08 06:45:51
6164,華興,TPEx,,active,2025-09-08 06:45:51
6165,浪凡,TPEx,,active,2025-09-08 06:45:51
6166,凌華,TPEx,,active,2025-09-08 06:45:51
6167,久正,TPEx,,active,2025-09-08 06:45:51
6168,宏齊,TPEx,,active,2025-09-08 06:45:51
6169,昱泉,TPEx,,active,2025-09-08 06:45:51
6170,統振,TPEx,,active,2025-09-08 06:45:51
6171,大城地產,TPEx,,active,2025-09-08 06:45:51
6172,互億,TPEx,,active,2025-09-08 06:45:51
6173,信昌電,TPEx,,active,2025-09-08 06:45:51
6174,安碁,TPEx,,active,2025-09-08 06:45:51
6175,立敦,TPEx,,active,2025-09-08 06:45:51
6176,瑞儀,TPEx,,active,2025-09-08 06:45:51
6177,達麗,TPEx,,active,2025-09-08 06:45:51
6179,亞通,TPEx,,active,2025-09-08 06:45:51
6180,橘子,TPEx,,active,2025-09-08 06:45:51
6182,合晶,TPEx,,active,2025-09-08 06:45:51
6183,關貿,TPEx,,active,2025-09-08 06:45:51
6184,大豐電,TPEx,,active,2025-09-08 06:45:51
6185,幃翔,TPEx,,active,2025-09-08 06:45:51
6186,新潤,TPEx,,active,2025-09-08 06:45:51
6187,萬潤,TPEx,,active,2025-09-08 06:45:51
6188,廣明,TPEx,,active,2025-09-08 06:45:51
6189,豐藝,TPEx,,active,2025-09-08 06:45:51
6190,萬泰科,TPEx,,active,2025-09-08 06:45:51
6191,精成科,TPEx,,active,2025-09-08 06:45:51
6192,巨路,TPEx,,active,2025-09-08 06:45:51
6194,育富,TPEx,,active,2025-09-08 06:45:51
6195,詩肯,TPEx,,active,2025-09-08 06:45:51
6196,帆宣,TPEx,,active,2025-09-08 06:45:51
6197,佳必琪,TPEx,,active,2025-09-08 06:45:51
6198,瑞築,TPEx,,active,2025-09-08 06:45:51
6199,天品,TPEx,,active,2025-09-08 06:45:51
6201,亞弘電,TPEx,,active,2025-09-08 06:45:51
6202,盛群,TPEx,,active,2025-09-08 06:45:51
6203,海韻電,TPEx,,active,2025-09-08 06:45:51
6204,艾華,TPEx,,active,2025-09-08 06:45:51
6205,詮欣,TPEx,,active,2025-09-08 06:45:51
6206,飛捷,TPEx,,active,2025-09-08 06:45:51
6207,雷科,TPEx,,active,2025-09-08 06:45:51
6208,日揚,TPEx,,active,2025-09-08 06:45:51
6209,今國光,TPEx,,active,2025-09-08 06:45:51
6210,慶生,TPEx,,active,2025-09-08 06:45:51
6212,理銘,TPEx,,active,2025-09-08 06:45:51
6213,聯茂,TPEx,,active,2025-09-08 06:45:51
6214,精誠,TPEx,,active,2025-09-08 06:45:51
6215,和椿,TPEx,,active,2025-09-08 06:45:51
6216,居易,TPEx,,active,2025-09-08 06:45:51
6217,中探針,TPEx,,active,2025-09-08 06:45:51
6218,豪勉,TPEx,,active,2025-09-08 06:45:51
6219,富旺,TPEx,,active,2025-09-08 06:45:51
6220,岳豐,TPEx,,active,2025-09-08 06:45:51
6221,晉泰,TPEx,,active,2025-09-08 06:45:51
6222,立軒,TPEx,,active,2025-09-08 06:45:51
6223,旺矽,TPEx,,active,2025-09-08 06:45:51
6224,聚鼎,TPEx,,active,2025-09-08 06:45:51
6225,天瀚,TPEx,,active,2025-09-08 06:45:51
6226,光鼎,TPEx,,active,2025-09-08 06:45:51
6227,茂綸,TPEx,,active,2025-09-08 06:45:51
6228,全譜,TPEx,,active,2025-09-08 06:45:51
6229,研通,TPEx,,active,2025-09-08 06:45:51
6230,尼得科超眾,TPEx,,active,2025-09-08 06:45:51
6231,系微,TPEx,,active,2025-09-08 06:45:51
6233,旺玖,TPEx,,active,2025-09-08 06:45:51
6234,高僑,TPEx,,active,2025-09-08 06:45:51
6235,華孚,TPEx,,active,2025-09-08 06:45:51
6236,中湛,TPEx,,active,2025-09-08 06:45:51
6237,驊訊,TPEx,,active,2025-09-08 06:45:51
6238,勝麗,TPEx,,active,2025-09-08 06:45:51
6239,力成,TPEx,,active,2025-09-08 06:45:51
6240,松崗,TPEx,,active,2025-09-08 06:45:51
6241,易通展,TPEx,,active,2025-09-08 06:45:51
6242,立康,TPEx,,active,2025-09-08 06:45:51
6243,迅杰,TPEx,,active,2025-09-08 06:45:51
6244,茂迪,TPEx,,active,2025-09-08 06:45:51
6245,立端,TPEx,,active,2025-09-08 06:45:51
6246,臺龍,TPEx,,active,2025-09-08 06:45:51
6247,淇譽電,TPEx,,active,2025-09-08 06:45:51
6248,沛波,TPEx,,active,2025-09-08 06:45:51
6251,定穎,TPEx,,active,2025-09-08 06:45:51
6255,奈普,TPEx,,active,2025-09-08 06:45:51
6257,矽格,TPEx,,active,2025-09-08 06:45:51
6259,百徽,TPEx,,active,2025-09-08 06:45:51
6261,久元,TPEx,,active,2025-09-08 06:45:51
6263,普萊德,TPEx,,active,2025-09-08 06:45:51
6264,富裔,TPEx,,active,2025-09-08 06:45:51
6265,方土昶,TPEx,,active,2025-09-08 06:45:51
6266,泰詠,TPEx,,active,2025-09-08 06:45:51
6269,台郡,TPEx,,active,2025-09-08 06:45:51
6270,倍微,TPEx,,active,2025-09-08 06:45:51
6271,同欣電,TPEx,,active,2025-09-08 06:45:51
6272,驊陞,TPEx,,active,2025-09-08 06:45:51
6274,台燿,TPEx,,active,2025-09-08 06:45:51
6275,元山,TPEx,,active,2025-09-08 06:45:51
6276,安鈦克,TPEx,,active,2025-09-08 06:45:51
6277,宏正,TPEx,,active,2025-09-08 06:45:51
6278,台表科,TPEx,,active,2025-09-08 06:45:51
6279,胡連,TPEx,,active,2025-09-08 06:45:51
6280,崇貿,TPEx,,active,2025-09-08 06:45:51
6281,全國電,TPEx,,active,2025-09-08 06:45:51
6282,康舒,TPEx,,active,2025-09-08 06:45:51
6283,淳安,TPEx,,active,2025-09-08 06:45:51
6284,佳邦,TPEx,,active,2025-09-08 06:45:51
6285,啟碁,TPEx,,active,2025-09-08 06:45:51
6286,立錡,TPEx,,active,2025-09-08 06:45:51
6287,元隆,TPEx,,active,2025-09-08 06:45:51
6288,聯嘉,TPEx,,active,2025-09-08 06:45:51
6289,華上,TPEx,,active,2025-09-08 06:45:51
6290,良維,TPEx,,active,2025-09-08 06:45:51
6291,沛亨,TPEx,,active,2025-09-08 06:45:51
6292,迅德,TPEx,,active,2025-09-08 06:45:51
6294,智基,TPEx,,active,2025-09-08 06:45:51
6403,群登,TPEx,,active,2025-09-08 06:45:51
6404,通訊-KY,TPEx,,active,2025-09-08 06:45:51
6405,悅城,TPEx,,active,2025-09-08 06:45:51
6407,相互,TPEx,,active,2025-09-08 06:45:51
6409,旭隼,TPEx,,active,2025-09-08 06:45:51
6411,晶焱,TPEx,,active,2025-09-08 06:45:51
6412,群電,TPEx,,active,2025-09-08 06:45:51
6414,樺漢,TPEx,,active,2025-09-08 06:45:51
6415,矽力*-KY,TPEx,,active,2025-09-08 06:45:51
6416,瑞祺電通,TPEx,,active,2025-09-08 06:45:51
6417,韋僑,TPEx,,active,2025-09-08 06:45:51
6418,詠昇,TPEx,,active,2025-09-08 06:45:51
6419,京晨科,TPEx,,active,2025-09-08 06:45:51
6422,君耀-KY,TPEx,,active,2025-09-08 06:45:51
6423,億而得-創,TPEx,,active,2025-09-08 06:45:51
6425,易發,TPEx,,active,2025-09-08 06:45:51
6426,統新,TPEx,,active,2025-09-08 06:45:51
6428,台灣淘米,TPEx,,active,2025-09-08 06:45:51
6431,光麗-KY,TPEx,,active,2025-09-08 06:45:51
6432,今展科,TPEx,,active,2025-09-08 06:45:51
6434,達輝光電,TPEx,,active,2025-09-08 06:45:51
6435,大中,TPEx,,active,2025-09-08 06:45:51
6438,迅得,TPEx,,active,2025-09-08 06:45:51
6441,廣錠,TPEx,,active,2025-09-08 06:45:51
6442,光聖,TPEx,,active,2025-09-08 06:45:51
6443,元晶,TPEx,,active,2025-09-08 06:45:51
6446,藥華藥,TPEx,,active,2025-09-08 06:45:51
6449,鈺邦,TPEx,,active,2025-09-08 06:45:51
6451,訊芯-KY,TPEx,,active,2025-09-08 06:45:51
6452,康友-KY,TPEx,,active,2025-09-08 06:45:51
6456,GIS-KY,TPEx,,active,2025-09-08 06:45:51
6457,紘康,TPEx,,active,2025-09-08 06:45:51
6461,益得,TPEx,,active,2025-09-08 06:45:51
6462,神盾,TPEx,,active,2025-09-08 06:45:51
6464,台數科,TPEx,,active,2025-09-08 06:45:51
6465,威潤,TPEx,,active,2025-09-08 06:45:51
6467,泰合,TPEx,,active,2025-09-08 06:45:51
6469,大樹,TPEx,,active,2025-09-08 06:45:51
6470,宇智,TPEx,,active,2025-09-08 06:45:51
6472,保瑞,TPEx,,active,2025-09-08 06:45:51
6473,美賣*,TPEx,,active,2025-09-08 06:45:51
6474,華豫寧,TPEx,,active,2025-09-08 06:45:51
6477,安集,TPEx,,active,2025-09-08 06:45:51
6482,弘煜科,TPEx,,active,2025-09-08 06:45:51
6483,原創生醫,TPEx,,active,2025-09-08 06:45:51
6485,點序,TPEx,,active,2025-09-08 06:45:51
6486,互動,TPEx,,active,2025-09-08 06:45:51
6488,環球晶,TPEx,,active,2025-09-08 06:45:51
6491,晶碩,TPEx,,active,2025-09-08 06:45:51
6492,生華科,TPEx,,active,2025-09-08 06:45:51
6493,雷虎生,TPEx,,active,2025-09-08 06:45:51
6494,九齊,TPEx,,active,2025-09-08 06:45:51
6495,納諾*-KY,TPEx,,active,2025-09-08 06:45:51
6496,科懋,TPEx,,active,2025-09-08 06:45:51
6497,亞獅康-KY,TPEx,,active,2025-09-08 06:45:51
6498,久禾光,TPEx,,active,2025-09-08 06:45:51
6499,益安,TPEx,,active,2025-09-08 06:45:51
6504,南六,TPEx,,active,2025-09-08 06:45:51
6505,台塑化,TPEx,,active,2025-09-08 06:45:51
6506,雙邦,TPEx,,active,2025-09-08 06:45:51
6508,惠光,TPEx,,active,2025-09-08 06:45:51
6509,聚和,TPEx,,active,2025-09-08 06:45:51
6510,精測,TPEx,,active,2025-09-08 06:45:51
6512,啟發電,TPEx,,active,2025-09-08 06:45:51
6514,芮特-KY,TPEx,,active,2025-09-08 06:45:51
6515,穎崴,TPEx,,active,2025-09-08 06:45:51
6516,勤崴國際,TPEx,,active,2025-09-08 06:45:51
6517,保勝光學,TPEx,,active,2025-09-08 06:45:51
6518,康科特,TPEx,,active,2025-09-08 06:45:51
6523,達爾膚,TPEx,,active,2025-09-08 06:45:51
6525,捷敏-KY,TPEx,,active,2025-09-08 06:45:51
6526,達發,TPEx,,active,2025-09-08 06:45:51
6527,明達醫,TPEx,,active,2025-09-08 06:45:51
6530,創威,TPEx,,active,2025-09-08 06:45:51
6531,愛普*,TPEx,,active,2025-09-08 06:45:51
6532,瑞耘,TPEx,,active,2025-09-08 06:45:51
6533,晶心科,TPEx,,active,2025-09-08 06:45:51
6534,正瀚-創,TPEx,,active,2025-09-08 06:45:51
6535,順藥,TPEx,,active,2025-09-08 06:45:51
6536,碩豐,TPEx,,active,2025-09-08 06:45:51
6538,倉和,TPEx,,active,2025-09-08 06:45:51
6539,麗彤,TPEx,,active,2025-09-08 06:45:51
6541,泰福-KY,TPEx,,active,2025-09-08 06:45:51
6542,隆中,TPEx,,active,2025-09-08 06:45:51
6543,普惠醫工,TPEx,,active,2025-09-08 06:45:51
6546,正基,TPEx,,active,2025-09-08 06:45:51
6547,高端疫苗,TPEx,,active,2025-09-08 06:45:51
6548,長科*,TPEx,,active,2025-09-08 06:45:51
6549,景凱,TPEx,,active,2025-09-08 06:45:51
6550,北極星藥業-KY,TPEx,,active,2025-09-08 06:45:51
6552,易華電,TPEx,,active,2025-09-08 06:45:51
6555,榮炭,TPEx,,active,2025-09-08 06:45:51
6556,勝品,TPEx,,active,2025-09-08 06:45:51
6558,興能高,TPEx,,active,2025-09-08 06:45:51
6559,研晶,TPEx,,active,2025-09-08 06:45:51
6560,欣普羅,TPEx,,active,2025-09-08 06:45:51
6561,是方,TPEx,,active,2025-09-08 06:45:51
6562,聯亞藥,TPEx,,active,2025-09-08 06:45:51
6563,映智,TPEx,,active,2025-09-08 06:45:51
6564,安特羅,TPEx,,active,2025-09-08 06:45:51
6565,物聯,TPEx,,active,2025-09-08 06:45:51
6568,宏觀,TPEx,,active,2025-09-08 06:45:51
6569,醫揚,TPEx,,active,2025-09-08 06:45:51
6570,維田,TPEx,,active,2025-09-08 06:45:51
6572,博錸,TPEx,,active,2025-09-08 06:45:51
6573,虹揚-KY,TPEx,,active,2025-09-08 06:45:51
6574,霈方,TPEx,,active,2025-09-08 06:45:51
6576,逸達,TPEx,,active,2025-09-08 06:45:51
6577,勁豐,TPEx,,active,2025-09-08 06:45:51
6578,達邦蛋白,TPEx,,active,2025-09-08 06:45:51
6579,研揚,TPEx,,active,2025-09-08 06:45:51
6580,台睿,TPEx,,active,2025-09-08 06:45:51
6581,鋼聯,TPEx,,active,2025-09-08 06:45:51
6582,申豐,TPEx,,active,2025-09-08 06:45:51
6583,友松,TPEx,,active,2025-09-08 06:45:51
6584,南俊國際,TPEx,,active,2025-09-08 06:45:51
6585,鼎基,TPEx,,active,2025-09-08 06:45:51
6586,醣基,TPEx,,active,2025-09-08 06:45:51
6588,東典光電,TPEx,,active,2025-09-08 06:45:51
6589,台康生技,TPEx,,active,2025-09-08 06:45:51
6590,普鴻,TPEx,,active,2025-09-08 06:45:51
6591,動力-KY,TPEx,,active,2025-09-08 06:45:51
6592,和潤企業,TPEx,,active,2025-09-08 06:45:51
6593,台灣銘板,TPEx,,active,2025-09-08 06:45:51
6594,展匯科,TPEx,,active,2025-09-08 06:45:51
6595,光禹國際,TPEx,,active,2025-09-08 06:45:51
6596,寬宏藝術,TPEx,,active,2025-09-08 06:45:51
6597,立誠,TPEx,,active,2025-09-08 06:45:51
6598,ABC-KY,TPEx,,active,2025-09-08 06:45:51
6599,普達系統,TPEx,,active,2025-09-08 06:45:51
6603,富強鑫,TPEx,,active,2025-09-08 06:45:51
6605,帝寶,TPEx,,active,2025-09-08 06:45:51
6606,建德工業,TPEx,,active,2025-09-08 06:45:51
6609,瀧澤科,TPEx,,active,2025-09-08 06:45:51
6610,安成生技,TPEx,,active,2025-09-08 06:45:51
6612,奈米醫材,TPEx,,active,2025-09-08 06:45:51
6613,朋億*,TPEx,,active,2025-09-08 06:45:51
6614,資拓宏宇,TPEx,,active,2025-09-08 06:45:51
6615,慧智,TPEx,,active,2025-09-08 06:45:51
6616,特昇-KY,TPEx,,active,2025-09-08 06:45:51
6617,共信-KY,TPEx,,active,2025-09-08 06:45:51
6618,永虹先進,TPEx,,active,2025-09-08 06:45:51
6620,漢達,TPEx,,active,2025-09-08 06:45:51
6621,華宇藥,TPEx,,active,2025-09-08 06:45:51
6622,百聿數碼,TPEx,,active,2025-09-08 06:45:51
6624,萬年清,TPEx,,active,2025-09-08 06:45:51
6625,必應,TPEx,,active,2025-09-08 06:45:51
6626,唯數,TPEx,,active,2025-09-08 06:45:51
6629,泰金-KY,TPEx,,active,2025-09-08 06:45:51
6634,欣耀,TPEx,,active,2025-09-08 06:45:51
6637,醫影,TPEx,,active,2025-09-08 06:45:51
6638,沅聖,TPEx,,active,2025-09-08 06:45:51
6639,源大環能,TPEx,,active,2025-09-08 06:45:51
6640,均華,TPEx,,active,2025-09-08 06:45:51
6641,基士德-KY,TPEx,,active,2025-09-08 06:45:51
6642,富致,TPEx,,active,2025-09-08 06:45:51
6643,M31,TPEx,,active,2025-09-08 06:45:51
6645,金萬林-創,TPEx,,active,2025-09-08 06:45:51
6648,斯其大,TPEx,,active,2025-09-08 06:45:51
6649,台生材,TPEx,,active,2025-09-08 06:45:51
6650,帝圖,TPEx,,active,2025-09-08 06:45:51
6651,全宇昕,TPEx,,active,2025-09-08 06:45:51
6652,雅祥生醫,TPEx,,active,2025-09-08 06:45:51
6654,天正國際,TPEx,,active,2025-09-08 06:45:51
6655,科定,TPEx,,active,2025-09-08 06:45:51
6657,華安,TPEx,,active,2025-09-08 06:45:51
6658,聯策,TPEx,,active,2025-09-08 06:45:51
6661,威健生技,TPEx,,active,2025-09-08 06:45:51
6662,樂斯科,TPEx,,active,2025-09-08 06:45:51
6664,群翊,TPEx,,active,2025-09-08 06:45:51
6665,康聯生醫,TPEx,,active,2025-09-08 06:45:51
6666,羅麗芬-KY,TPEx,,active,2025-09-08 06:45:51
6667,信紘科,TPEx,,active,2025-09-08 06:45:51
6668,中揚光,TPEx,,active,2025-09-08 06:45:51
6669,緯穎,TPEx,,active,2025-09-08 06:45:51
6670,復盛應用,TPEx,,active,2025-09-08 06:45:51
6671,三能-KY,TPEx,,active,2025-09-08 06:45:51
6672,騰輝電子-KY,TPEx,,active,2025-09-08 06:45:51
6673,和詮,TPEx,,active,2025-09-08 06:45:51
6674,鋐寶科技,TPEx,,active,2025-09-08 06:45:51
6676,祥翊,TPEx,,active,2025-09-08 06:45:51
6677,瑩碩生技,TPEx,,active,2025-09-08 06:45:51
6679,鈺太,TPEx,,active,2025-09-08 06:45:51
6680,鑫創電子,TPEx,,active,2025-09-08 06:45:51
6682,華旭先進,TPEx,,active,2025-09-08 06:45:51
6683,雍智科技,TPEx,,active,2025-09-08 06:45:51
6684,安格,TPEx,,active,2025-09-08 06:45:51
6689,伊雲谷,TPEx,,active,2025-09-08 06:45:51
6690,安碁資訊,TPEx,,active,2025-09-08 06:45:51
6691,洋基工程,TPEx,,active,2025-09-08 06:45:51
6692,進能服,TPEx,,active,2025-09-08 06:45:51
6693,廣閎科,TPEx,,active,2025-09-08 06:45:51
6695,芯鼎,TPEx,,active,2025-09-08 06:45:51
6696,仁新,TPEx,,active,2025-09-08 06:45:51
6697,東捷資訊,TPEx,,active,2025-09-08 06:45:51
6698,旭暉應材,TPEx,,active,2025-09-08 06:45:51
6699,奇邑,TPEx,,active,2025-09-08 06:45:51
6702,興航,TPEx,,active,2025-09-08 06:45:51
6703,軒郁,TPEx,,active,2025-09-08 06:45:51
6704,國璽幹細胞,TPEx,,active,2025-09-08 06:45:51
6705,振躍精密,TPEx,,active,2025-09-08 06:45:51
6706,惠特,TPEx,,active,2025-09-08 06:45:51
6707,富基電通,TPEx,,active,2025-09-08 06:45:51
6708,天擎,TPEx,,active,2025-09-08 06:45:51
6709,昱厚生技,TPEx,,active,2025-09-08 06:45:51
6712,長聖,TPEx,,active,2025-09-08 06:45:51
6715,嘉基,TPEx,,active,2025-09-08 06:45:51
6716,應廣,TPEx,,active,2025-09-08 06:45:51
6719,力智,TPEx,,active,2025-09-08 06:45:51
6720,久昌,TPEx,,active,2025-09-08 06:45:51
6721,信實,TPEx,,active,2025-09-08 06:45:51
6722,輝創,TPEx,,active,2025-09-08 06:45:51
6723,傑智環境,TPEx,,active,2025-09-08 06:45:51
6725,矽科宏晟,TPEx,,active,2025-09-08 06:45:51
6727,亞泰金屬,TPEx,,active,2025-09-08 06:45:51
6728,上洋,TPEx,,active,2025-09-08 06:45:51
6729,機光科技,TPEx,,active,2025-09-08 06:45:51
6730,常廣,TPEx,,active,2025-09-08 06:45:51
6732,昇佳電子,TPEx,,active,2025-09-08 06:45:51
6733,博晟生醫,TPEx,,active,2025-09-08 06:45:51
6734,安盛生,TPEx,,active,2025-09-08 06:45:51
6735,美達科技,TPEx,,active,2025-09-08 06:45:51
6737,秀育,TPEx,,active,2025-09-08 06:45:51
6738,鼎恒,TPEx,,active,2025-09-08 06:45:51
6739,竹陞科技,TPEx,,active,2025-09-08 06:45:51
6741,91APP*-KY,TPEx,,active,2025-09-08 06:45:51
6742,澤米,TPEx,,active,2025-09-08 06:45:51
6743,安普新,TPEx,,active,2025-09-08 06:45:51
6744,豐技生技,TPEx,,active,2025-09-08 06:45:51
6747,亨泰光,TPEx,,active,2025-09-08 06:45:51
6748,亞果生醫,TPEx,,active,2025-09-08 06:45:51
6750,泰創工程,TPEx,,active,2025-09-08 06:45:51
6751,智聯服務,TPEx,,active,2025-09-08 06:45:51
6752,叡揚,TPEx,,active,2025-09-08 06:45:51
6753,龍德造船,TPEx,,active,2025-09-08 06:45:51
6754,匯僑設計,TPEx,,active,2025-09-08 06:45:51
6755,連鋐科技,TPEx,,active,2025-09-08 06:45:51
6756,威鋒電子,TPEx,,active,2025-09-08 06:45:51
6757,台灣虎航,TPEx,,active,2025-09-08 06:45:51
6758,冠亞,TPEx,,active,2025-09-08 06:45:51
6761,穩得,TPEx,,active,2025-09-08 06:45:51
6762,達亞,TPEx,,active,2025-09-08 06:45:51
6763,綠界科技*,TPEx,,active,2025-09-08 06:45:51
6764,亞洲教育,TPEx,,active,2025-09-08 06:45:51
6767,台微醫,TPEx,,active,2025-09-08 06:45:51
6768,志強-KY,TPEx,,active,2025-09-08 06:45:51
6770,力積電,TPEx,,active,2025-09-08 06:45:51
6771,平和環保-創,TPEx,,active,2025-09-08 06:45:51
6775,穎台科技,TPEx,,active,2025-09-08 06:45:51
6776,展碁國際,TPEx,,active,2025-09-08 06:45:51
6780,學習王,TPEx,,active,2025-09-08 06:45:51
6781,AES-KY,TPEx,,active,2025-09-08 06:45:51
6782,視陽,TPEx,,active,2025-09-08 06:45:51
6784,天凱科技,TPEx,,active,2025-09-08 06:45:51
6785,昱展新藥,TPEx,,active,2025-09-08 06:45:51
6786,芯測,TPEx,,active,2025-09-08 06:45:51
6787,晶瑞光,TPEx,,active,2025-09-08 06:45:51
6788,華景電,TPEx,,active,2025-09-08 06:45:51
6789,采鈺,TPEx,,active,2025-09-08 06:45:51
6790,永豐實,TPEx,,active,2025-09-08 06:45:51
6791,虎門科技,TPEx,,active,2025-09-08 06:45:51
6792,詠業,TPEx,,active,2025-09-08 06:45:51
6793,天力離岸,TPEx,,active,2025-09-08 06:45:51
6794,向榮生技-創,TPEx,,active,2025-09-08 06:45:51
6796,晉弘,TPEx,,active,2025-09-08 06:45:51
6797,圓點奈米,TPEx,,active,2025-09-08 06:45:51
6798,展逸,TPEx,,active,2025-09-08 06:45:51
6799,來頡,TPEx,,active,2025-09-08 06:45:51
6803,崑鼎,TPEx,,active,2025-09-08 06:45:51
6804,明係,TPEx,,active,2025-09-08 06:45:51
6805,富世達,TPEx,,active,2025-09-08 06:45:51
6806,森崴能源,TPEx,,active,2025-09-08 06:45:51
6807,峰源-KY,TPEx,,active,2025-09-08 06:45:51
6808,三鼎生技,TPEx,,active,2025-09-08 06:45:51
6810,新穎生醫,TPEx,,active,2025-09-08 06:45:51
6811,宏碁資訊,TPEx,,active,2025-09-08 06:45:51
6812,梭特,TPEx,,active,2025-09-08 06:45:51
6813,富動科,TPEx,,active,2025-09-08 06:45:51
6814,路迦生醫,TPEx,,active,2025-09-08 06:45:51
6815,晶鑽生醫,TPEx,,active,2025-09-08 06:45:51
6816,捷智商訊,TPEx,,active,2025-09-08 06:45:51
6817,溫士頓,TPEx,,active,2025-09-08 06:45:51
6818,連騰,TPEx,,active,2025-09-08 06:45:51
6819,眾智,TPEx,,active,2025-09-08 06:45:51
6820,連訊,TPEx,,active,2025-09-08 06:45:51
6821,聯寶,TPEx,,active,2025-09-08 06:45:51
6823,濾能,TPEx,,active,2025-09-08 06:45:51
6825,和暢科技,TPEx,,active,2025-09-08 06:45:51
6826,和淞,TPEx,,active,2025-09-08 06:45:51
6827,巨生醫,TPEx,,active,2025-09-08 06:45:51
6829,千附精密,TPEx,,active,2025-09-08 06:45:51
6830,汎銓,TPEx,,active,2025-09-08 06:45:51
6831,邁科,TPEx,,active,2025-09-08 06:45:51
6832,金鼎科,TPEx,,active,2025-09-08 06:45:51
6833,太康精密,TPEx,,active,2025-09-08 06:45:51
6834,天二科技,TPEx,,active,2025-09-08 06:45:51
6835,圓裕,TPEx,,active,2025-09-08 06:45:51
6838,台新藥,TPEx,,active,2025-09-08 06:45:51
6839,開陽能源,TPEx,,active,2025-09-08 06:45:51
6840,東研信超,TPEx,,active,2025-09-08 06:45:51
6841,長佳智能,TPEx,,active,2025-09-08 06:45:51
6842,一元素,TPEx,,active,2025-09-08 06:45:51
6843,進典,TPEx,,active,2025-09-08 06:45:51
6844,諾貝兒,TPEx,,active,2025-09-08 06:45:51
6846,綠茵,TPEx,,active,2025-09-08 06:45:51
6847,普瑞博,TPEx,,active,2025-09-08 06:45:51
6848,拉法醫,TPEx,,active,2025-09-08 06:45:51
6849,奇鼎科技,TPEx,,active,2025-09-08 06:45:51
6850,光鼎生技,TPEx,,active,2025-09-08 06:45:51
6854,錼創科技-KY創,TPEx,,active,2025-09-08 06:45:51
6855,數泓科,TPEx,,active,2025-09-08 06:45:51
6856,鑫傳,TPEx,,active,2025-09-08 06:45:51
6857,宏碁智醫,TPEx,,active,2025-09-08 06:45:51
6858,愛比科技,TPEx,,active,2025-09-08 06:45:51
6859,伯特光,TPEx,,active,2025-09-08 06:45:51
6861,睿生光電,TPEx,,active,2025-09-08 06:45:51
6862,三集瑞-KY,TPEx,,active,2025-09-08 06:45:51
6863,永道-KY,TPEx,,active,2025-09-08 06:45:51
6864,元樟生技,TPEx,,active,2025-09-08 06:45:51
6865,偉康科技,TPEx,,active,2025-09-08 06:45:51
6867,坦德科技,TPEx,,active,2025-09-08 06:45:51
6868,采威國際,TPEx,,active,2025-09-08 06:45:51
6869,雲豹能源,TPEx,,active,2025-09-08 06:45:51
6870,騰雲,TPEx,,active,2025-09-08 06:45:51
6872,浩宇生醫,TPEx,,active,2025-09-08 06:45:51
6873,泓德能源,TPEx,,active,2025-09-08 06:45:51
6874,倍力,TPEx,,active,2025-09-08 06:45:51
6875,國邑*,TPEx,,active,2025-09-08 06:45:51
6876,朗齊生醫*,TPEx,,active,2025-09-08 06:45:51
6877,鏵友益,TPEx,,active,2025-09-08 06:45:51
6878,歐付寶,TPEx,,active,2025-09-08 06:45:51
6879,大江基因,TPEx,,active,2025-09-08 06:45:51
6881,潤德,TPEx,,active,2025-09-08 06:45:51
6882,甲尚,TPEx,,active,2025-09-08 06:45:51
6883,微電能源,TPEx,,active,2025-09-08 06:45:51
6884,海柏特,TPEx,,active,2025-09-08 06:45:51
6885,全福生技,TPEx,,active,2025-09-08 06:45:51
6886,遠東生技,TPEx,,active,2025-09-08 06:45:51
6887,寶綠特-KY,TPEx,,active,2025-09-08 06:45:51
6890,來億-KY,TPEx,,active,2025-09-08 06:45:51
6891,樂迦再生,TPEx,,active,2025-09-08 06:45:51
6892,台寶生醫,TPEx,,active,2025-09-08 06:45:51
6894,衛司特,TPEx,,active,2025-09-08 06:45:51
6895,宏碩系統,TPEx,,active,2025-09-08 06:45:51
6898,程曦資訊,TPEx,,active,2025-09-08 06:45:51
6899,創為精密,TPEx,,active,2025-09-08 06:45:51
6901,鑽石投資,TPEx,,active,2025-09-08 06:45:51
6902,GOGOLOOK,TPEx,,active,2025-09-08 06:45:51
6903,巨漢,TPEx,,active,2025-09-08 06:45:51
6904,伯鑫,TPEx,,active,2025-09-08 06:45:51
6906,現觀科,TPEx,,active,2025-09-08 06:45:51
6908,宏碁遊戲,TPEx,,active,2025-09-08 06:45:51
6909,創控,TPEx,,active,2025-09-08 06:45:51
6910,德鴻,TPEx,,active,2025-09-08 06:45:51
6911,群運,TPEx,,active,2025-09-08 06:45:51
6912,益鈞環科*,TPEx,,active,2025-09-08 06:45:51
6913,鴻呈,TPEx,,active,2025-09-08 06:45:51
6914,阜爾運通,TPEx,,active,2025-09-08 06:45:51
6915,美強光,TPEx,,active,2025-09-08 06:45:51
6916,華凌,TPEx,,active,2025-09-08 06:45:51
6917,竟天,TPEx,,active,2025-09-08 06:45:51
6918,愛派司,TPEx,,active,2025-09-08 06:45:51
6919,康霈*,TPEx,,active,2025-09-08 06:45:51
6920,恆勁科技,TPEx,,active,2025-09-08 06:45:51
6922,宸曜,TPEx,,active,2025-09-08 06:45:51
6923,中台,TPEx,,active,2025-09-08 06:45:51
6924,榮惠-KY創,TPEx,,active,2025-09-08 06:45:51
6925,意藍,TPEx,,active,2025-09-08 06:45:51
6926,聖安生醫,TPEx,,active,2025-09-08 06:45:51
6927,聯合聚晶,TPEx,,active,2025-09-08 06:45:51
6928,攸泰科技,TPEx,,active,2025-09-08 06:45:51
6929,佑全,TPEx,,active,2025-09-08 06:45:51
6931,青松健康,TPEx,,active,2025-09-08 06:45:51
6932,水星生醫*,TPEx,,active,2025-09-08 06:45:51
6933,AMAX-KY,TPEx,,active,2025-09-08 06:45:51
6934,心誠鎂,TPEx,,active,2025-09-08 06:45:51
6935,王子製藥,TPEx,,active,2025-09-08 06:45:51
6936,永鴻生技,TPEx,,active,2025-09-08 06:45:51
6937,天虹,TPEx,,active,2025-09-08 06:45:51
6938,藍新資訊,TPEx,,active,2025-09-08 06:45:51
6939,啟弘生技,TPEx,,active,2025-09-08 06:45:51
6940,格斯科技*,TPEx,,active,2025-09-08 06:45:51
6944,兆聯實業,TPEx,,active,2025-09-08 06:45:51
6945,圓祥生技,TPEx,,active,2025-09-08 06:45:51
6946,三地能源,TPEx,,active,2025-09-08 06:45:51
6947,台鎔科技,TPEx,,active,2025-09-08 06:45:51
6949,沛爾生醫-創,TPEx,,active,2025-09-08 06:45:51
6951,青新-創,TPEx,,active,2025-09-08 06:45:51
6952,大武山,TPEx,,active,2025-09-08 06:45:51
6953,家碩,TPEx,,active,2025-09-08 06:45:51
6955,邦睿生技-創,TPEx,,active,2025-09-08 06:45:51
6957,裕慶-KY,TPEx,,active,2025-09-08 06:45:51
6958,日盛台駿,TPEx,,active,2025-09-08 06:45:51
6959,兆捷科技,TPEx,,active,2025-09-08 06:45:51
6961,旅天下,TPEx,,active,2025-09-08 06:45:51
6962,奕力-KY,TPEx,,active,2025-09-08 06:45:51
6963,品元,TPEx,,active,2025-09-08 06:45:51
6965,中傑-KY,TPEx,,active,2025-09-08 06:45:51
6967,汎瑋材料,TPEx,,active,2025-09-08 06:45:51
6968,萬達寵物,TPEx,,active,2025-09-08 06:45:51
6969,成信實業*-創,TPEx,,active,2025-09-08 06:45:51
6971,惠民實業,TPEx,,active,2025-09-08 06:45:51
6972,博瑞達應材,TPEx,,active,2025-09-08 06:45:51
6973,永立榮,TPEx,,active,2025-09-08 06:45:51
6976,育世博-KY,TPEx,,active,2025-09-08 06:45:51
6977,聯純,TPEx,,active,2025-09-08 06:45:51
6979,勝釩,TPEx,,active,2025-09-08 06:45:51
6980,鐳洋科技,TPEx,,active,2025-09-08 06:45:51
6982,大井泵浦,TPEx,,active,2025-09-08 06:45:51
6983,華洋精機,TPEx,,active,2025-09-08 06:45:51
6984,ACpay,TPEx,,active,2025-09-08 06:45:51
6986,和迅,TPEx,,active,2025-09-08 06:45:51
6987,寶晶能源*,TPEx,,active,2025-09-08 06:45:51
6988,威力暘-創,TPEx,,active,2025-09-08 06:45:51
6990,華鉬,TPEx,,active,2025-09-08 06:45:51
6994,富威電力,TPEx,,active,2025-09-08 06:45:51
6995,野獸國,TPEx,,active,2025-09-08 06:45:51
6996,力領科技,TPEx,,active,2025-09-08 06:45:51
6997,博弘,TPEx,,active,2025-09-08 06:45:51
6999,瀚醫生技,TPEx,,active,2025-09-08 06:45:51
1101,台泥,TWSE,,active,2025-09-08 06:45:01
1102,亞泥,TWSE,,active,2025-09-08 06:45:01
1103,嘉泥,TWSE,,active,2025-09-08 06:45:01
1104,環泥,TWSE,,active,2025-09-08 06:45:01
1108,幸福,TWSE,,active,2025-09-08 06:45:01
1109,信大,TWSE,,active,2025-09-08 06:45:01
1110,東泥,TWSE,,active,2025-09-08 06:45:01
1201,味全,TWSE,,active,2025-09-08 06:45:01
1203,味王,TWSE,,active,2025-09-08 06:45:01
1210,大成,TWSE,,active,2025-09-08 06:45:01
1213,大飲,TWSE,,active,2025-09-08 06:45:01
1215,卜蜂,TWSE,,active,2025-09-08 06:45:01
1216,統一,TWSE,,active,2025-09-08 06:45:01
1217,愛之味,TWSE,,active,2025-09-08 06:45:01
1218,泰山,TWSE,,active,2025-09-08 06:45:01
1219,福壽,TWSE,,active,2025-09-08 06:45:01
1220,台榮,TWSE,,active,2025-09-08 06:45:01
1225,福懋油,TWSE,,active,2025-09-08 06:45:01
1227,佳格,TWSE,,active,2025-09-08 06:45:01
1229,聯華,TWSE,,active,2025-09-08 06:45:01
1231,聯華食,TWSE,,active,2025-09-08 06:45:01
1232,大統益,TWSE,,active,2025-09-08 06:45:01
1233,天仁,TWSE,,active,2025-09-08 06:45:01
1234,黑松,TWSE,,active,2025-09-08 06:45:01
1235,興泰,TWSE,,active,2025-09-08 06:45:01
1236,宏亞,TWSE,,active,2025-09-08 06:45:01
1256,鮮活果汁-KY,TWSE,,active,2025-09-08 06:45:01
1301,台塑,TWSE,,active,2025-09-08 06:45:01
1303,南亞,TWSE,,active,2025-09-08 06:45:01
1304,台聚,TWSE,,active,2025-09-08 06:45:01
1305,華夏,TWSE,,active,2025-09-08 06:45:01
1307,三芳,TWSE,,active,2025-09-08 06:45:01
1308,亞聚,TWSE,,active,2025-09-08 06:45:01
1309,台達化,TWSE,,active,2025-09-08 06:45:01
1310,台苯,TWSE,,active,2025-09-08 06:45:01
1312,國喬,TWSE,,active,2025-09-08 06:45:01
1313,聯成,TWSE,,active,2025-09-08 06:45:01
1314,中石化,TWSE,,active,2025-09-08 06:45:01
1315,達新,TWSE,,active,2025-09-08 06:45:01
1316,上曜,TWSE,,active,2025-09-08 06:45:01
1319,東陽,TWSE,,active,2025-09-08 06:45:01
1321,大洋,TWSE,,active,2025-09-08 06:45:01
1323,永裕,TWSE,,active,2025-09-08 06:45:01
1324,地球,TWSE,,active,2025-09-08 06:45:01
1325,恆大,TWSE,,active,2025-09-08 06:45:01
1326,台化,TWSE,,active,2025-09-08 06:45:01
1337,再生-KY,TWSE,,active,2025-09-08 06:45:01
1338,廣華-KY,TWSE,,active,2025-09-08 06:45:01
1339,昭輝,TWSE,,active,2025-09-08 06:45:01
1340,勝悅-KY,TWSE,,active,2025-09-08 06:45:01
1341,富林-KY,TWSE,,active,2025-09-08 06:45:01
1342,八貫,TWSE,,active,2025-09-08 06:45:01
1402,遠東新,TWSE,,active,2025-09-08 06:45:01
1409,新纖,TWSE,,active,2025-09-08 06:45:01
1410,南染,TWSE,,active,2025-09-08 06:45:01
1413,宏洲,TWSE,,active,2025-09-08 06:45:01
1414,東和,TWSE,,active,2025-09-08 06:45:01
1416,廣豐,TWSE,,active,2025-09-08 06:45:01
1417,嘉裕,TWSE,,active,2025-09-08 06:45:01
1418,東華,TWSE,,active,2025-09-08 06:45:01
1419,新紡,TWSE,,active,2025-09-08 06:45:01
1423,利華,TWSE,,active,2025-09-08 06:45:01
1432,大魯閣,TWSE,,active,2025-09-08 06:45:01
1434,福懋,TWSE,,active,2025-09-08 06:45:01
1435,中福,TWSE,,active,2025-09-08 06:45:01
1436,華友聯,TWSE,,active,2025-09-08 06:45:01
1437,勤益控,TWSE,,active,2025-09-08 06:45:01
1438,三地開發,TWSE,,active,2025-09-08 06:45:01
1439,雋揚,TWSE,,active,2025-09-08 06:45:01
1440,南紡,TWSE,,active,2025-09-08 06:45:01
1441,大東,TWSE,,active,2025-09-08 06:45:01
1442,名軒,TWSE,,active,2025-09-08 06:45:01
1443,立益物流,TWSE,,active,2025-09-08 06:45:01
1444,力麗,TWSE,,active,2025-09-08 06:45:01
1445,大宇,TWSE,,active,2025-09-08 06:45:01
1446,宏和,TWSE,,active,2025-09-08 06:45:01
1447,力鵬,TWSE,,active,2025-09-08 06:45:01
1449,佳和,TWSE,,active,2025-09-08 06:45:01
1451,年興,TWSE,,active,2025-09-08 06:45:01
1452,宏益,TWSE,,active,2025-09-08 06:45:01
1453,大將,TWSE,,active,2025-09-08 06:45:01
1454,台富,TWSE,,active,2025-09-08 06:45:01
1455,集盛,TWSE,,active,2025-09-08 06:45:01
1456,怡華,TWSE,,active,2025-09-08 06:45:01
1457,宜進,TWSE,,active,2025-09-08 06:45:01
1459,聯發,TWSE,,active,2025-09-08 06:45:01
1460,宏遠,TWSE,,active,2025-09-08 06:45:01
1463,強盛新,TWSE,,active,2025-09-08 06:45:01
1464,得力,TWSE,,active,2025-09-08 06:45:01
1465,偉全,TWSE,,active,2025-09-08 06:45:01
1466,聚隆,TWSE,,active,2025-09-08 06:45:01
1467,南緯,TWSE,,active,2025-09-08 06:45:01
1468,昶和,TWSE,,active,2025-09-08 06:45:01
1470,大統新創,TWSE,,active,2025-09-08 06:45:01
1471,首利,TWSE,,active,2025-09-08 06:45:01
1472,三洋實業,TWSE,,active,2025-09-08 06:45:01
1473,台南,TWSE,,active,2025-09-08 06:45:01
1474,弘裕,TWSE,,active,2025-09-08 06:45:01
1475,業旺,TWSE,,active,2025-09-08 06:45:01
1476,儒鴻,TWSE,,active,2025-09-08 06:45:01
1477,聚陽,TWSE,,active,2025-09-08 06:45:01
1503,士電,TWSE,,active,2025-09-08 06:45:01
1504,東元,TWSE,,active,2025-09-08 06:45:01
1506,正道,TWSE,,active,2025-09-08 06:45:01
1512,瑞利,TWSE,,active,2025-09-08 06:45:01
1513,中興電,TWSE,,active,2025-09-08 06:45:01
1514,亞力,TWSE,,active,2025-09-08 06:45:01
1515,力山,TWSE,,active,2025-09-08 06:45:01
1516,川飛,TWSE,,active,2025-09-08 06:45:01
1517,利奇,TWSE,,active,2025-09-08 06:45:01
1519,華城,TWSE,,active,2025-09-08 06:45:01
1521,大億,TWSE,,active,2025-09-08 06:45:01
1522,堤維西,TWSE,,active,2025-09-08 06:45:01
1524,耿鼎,TWSE,,active,2025-09-08 06:45:01
1525,江申,TWSE,,active,2025-09-08 06:45:01
1526,日馳,TWSE,,active,2025-09-08 06:45:01
1527,鑽全,TWSE,,active,2025-09-08 06:45:01
1528,恩德,TWSE,,active,2025-09-08 06:45:01
1529,樂事綠能,TWSE,,active,2025-09-08 06:45:01
1530,亞崴,TWSE,,active,2025-09-08 06:45:01
1531,高林股,TWSE,,active,2025-09-08 06:45:01
1532,勤美,TWSE,,active,2025-09-08 06:45:01
1533,車王電,TWSE,,active,2025-09-08 06:45:01
1535,中宇,TWSE,,active,2025-09-08 06:45:01
1536,和大,TWSE,,active,2025-09-08 06:45:01
1537,廣隆,TWSE,,active,2025-09-08 06:45:01
1538,正峰,TWSE,,active,2025-09-08 06:45:01
1539,巨庭,TWSE,,active,2025-09-08 06:45:01
1540,喬福,TWSE,,active,2025-09-08 06:45:01
1541,錩泰,TWSE,,active,2025-09-08 06:45:01
1558,伸興,TWSE,,active,2025-09-08 06:45:01
1560,中砂,TWSE,,active,2025-09-08 06:45:01
1563,巧新,TWSE,,active,2025-09-08 06:45:01
1568,倉佑,TWSE,,active,2025-09-08 06:45:01
1582,信錦,TWSE,,active,2025-09-08 06:45:01
1583,程泰,TWSE,,active,2025-09-08 06:45:01
1587,吉茂,TWSE,,active,2025-09-08 06:45:01
1589,永冠-KY,TWSE,,active,2025-09-08 06:45:01
1590,亞德客-KY,TWSE,,active,2025-09-08 06:45:01
1597,直得,TWSE,,active,2025-09-08 06:45:01
1598,岱宇,TWSE,,active,2025-09-08 06:45:01
1603,華電,TWSE,,active,2025-09-08 06:45:01
1604,聲寶,TWSE,,active,2025-09-08 06:45:01
1605,華新,TWSE,,active,2025-09-08 06:45:01
1608,華榮,TWSE,,active,2025-09-08 06:45:01
1609,大亞,TWSE,,active,2025-09-08 06:45:01
1611,中電,TWSE,,active,2025-09-08 06:45:01
1612,宏泰,TWSE,,active,2025-09-08 06:45:01
1614,三洋電,TWSE,,active,2025-09-08 06:45:01
1615,大山,TWSE,,active,2025-09-08 06:45:01
1616,億泰,TWSE,,active,2025-09-08 06:45:01
1617,榮星,TWSE,,active,2025-09-08 06:45:01
1618,合機,TWSE,,active,2025-09-08 06:45:01
1626,艾美特-KY,TWSE,,active,2025-09-08 06:45:01
1702,南僑,TWSE,,active,2025-09-08 06:45:01
1707,葡萄王,TWSE,,active,2025-09-08 06:45:01
1708,東鹼,TWSE,,active,2025-09-08 06:45:01
1709,和益,TWSE,,active,2025-09-08 06:45:01
1710,東聯,TWSE,,active,2025-09-08 06:45:01
1711,永光,TWSE,,active,2025-09-08 06:45:01
1712,興農,TWSE,,active,2025-09-08 06:45:01
1713,國化,TWSE,,active,2025-09-08 06:45:01
1714,和桐,TWSE,,active,2025-09-08 06:45:01
1717,長興,TWSE,,active,2025-09-08 06:45:01
1718,中纖,TWSE,,active,2025-09-08 06:45:01
1720,生達,TWSE,,active,2025-09-08 06:45:01
1721,三晃,TWSE,,active,2025-09-08 06:45:01
1722,台肥,TWSE,,active,2025-09-08 06:45:01
1723,中碳,TWSE,,active,2025-09-08 06:45:01
1725,元禎,TWSE,,active,2025-09-08 06:45:01
1726,永記,TWSE,,active,2025-09-08 06:45:01
1727,中華化,TWSE,,active,2025-09-08 06:45:01
1730,花仙子,TWSE,,active,2025-09-08 06:45:01
1731,美吾華,TWSE,,active,2025-09-08 06:45:01
1732,毛寶,TWSE,,active,2025-09-08 06:45:01
1733,五鼎,TWSE,,active,2025-09-08 06:45:01
1734,杏輝,TWSE,,active,2025-09-08 06:45:01
1735,日勝化,TWSE,,active,2025-09-08 06:45:01
1736,喬山,TWSE,,active,2025-09-08 06:45:01
1737,臺鹽,TWSE,,active,2025-09-08 06:45:01
1752,南光,TWSE,,active,2025-09-08 06:45:01
1760,寶齡富錦,TWSE,,active,2025-09-08 06:45:01
1762,中化生,TWSE,,active,2025-09-08 06:45:01
1773,勝一,TWSE,,active,2025-09-08 06:45:01
1776,展宇,TWSE,,active,2025-09-08 06:45:01
1783,和康生,TWSE,,active,2025-09-08 06:45:01
1786,科妍,TWSE,,active,2025-09-08 06:45:01
1789,神隆,TWSE,,active,2025-09-08 06:45:01
1795,美時,TWSE,,active,2025-09-08 06:45:01
1802,台玻,TWSE,,active,2025-09-08 06:45:01
1805,寶徠,TWSE,,active,2025-09-08 06:45:01
1806,冠軍,TWSE,,active,2025-09-08 06:45:01
1808,潤隆,TWSE,,active,2025-09-08 06:45:01
1809,中釉,TWSE,,active,2025-09-08 06:45:01
1810,和成,TWSE,,active,2025-09-08 06:45:01
1817,凱撒衛,TWSE,,active,2025-09-08 06:45:01
1903,士紙,TWSE,,active,2025-09-08 06:45:01
1904,正隆,TWSE,,active,2025-09-08 06:45:01
1905,華紙,TWSE,,active,2025-09-08 06:45:01
1906,寶隆,TWSE,,active,2025-09-08 06:45:01
1907,永豐餘,TWSE,,active,2025-09-08 06:45:01
1909,榮成,TWSE,,active,2025-09-08 06:45:01
2002,中鋼,TWSE,,active,2025-09-08 06:45:01
2006,東和鋼鐵,TWSE,,active,2025-09-08 06:45:01
2007,燁興,TWSE,,active,2025-09-08 06:45:01
2008,高興昌,TWSE,,active,2025-09-08 06:45:01
2009,第一銅,TWSE,,active,2025-09-08 06:45:01
2010,春源,TWSE,,active,2025-09-08 06:45:01
2012,春雨,TWSE,,active,2025-09-08 06:45:01
2013,中鋼構,TWSE,,active,2025-09-08 06:45:01
2014,中鴻,TWSE,,active,2025-09-08 06:45:01
2015,豐興,TWSE,,active,2025-09-08 06:45:01
2017,官田鋼,TWSE,,active,2025-09-08 06:45:01
2020,美亞,TWSE,,active,2025-09-08 06:45:01
2022,聚亨,TWSE,,active,2025-09-08 06:45:01
2023,燁輝,TWSE,,active,2025-09-08 06:45:01
2024,志聯,TWSE,,active,2025-09-08 06:45:01
2025,千興,TWSE,,active,2025-09-08 06:45:01
2027,大成鋼,TWSE,,active,2025-09-08 06:45:01
2028,威致,TWSE,,active,2025-09-08 06:45:01
2029,盛餘,TWSE,,active,2025-09-08 06:45:01
2030,彰源,TWSE,,active,2025-09-08 06:45:01
2031,新光鋼,TWSE,,active,2025-09-08 06:45:01
2032,新鋼,TWSE,,active,2025-09-08 06:45:01
2033,佳大,TWSE,,active,2025-09-08 06:45:01
2034,允強,TWSE,,active,2025-09-08 06:45:01
2038,海光,TWSE,,active,2025-09-08 06:45:01
2049,上銀,TWSE,,active,2025-09-08 06:45:01
2059,川湖,TWSE,,active,2025-09-08 06:45:01
2062,橋椿,TWSE,,active,2025-09-08 06:45:01
2069,運錩,TWSE,,active,2025-09-08 06:45:01
2102,泰豐,TWSE,,active,2025-09-08 06:45:01
2103,台橡,TWSE,,active,2025-09-08 06:45:01
2104,國際中橡,TWSE,,active,2025-09-08 06:45:01
2105,正新,TWSE,,active,2025-09-08 06:45:01
2106,建大,TWSE,,active,2025-09-08 06:45:01
2107,厚生,TWSE,,active,2025-09-08 06:45:01
2108,南帝,TWSE,,active,2025-09-08 06:45:01
2109,華豐,TWSE,,active,2025-09-08 06:45:01
2114,鑫永銓,TWSE,,active,2025-09-08 06:45:01
2115,六暉-KY,TWSE,,active,2025-09-08 06:45:01
2201,裕隆,TWSE,,active,2025-09-08 06:45:01
2204,中華,TWSE,,active,2025-09-08 06:45:01
2206,三陽工業,TWSE,,active,2025-09-08 06:45:01
2207,和泰車,TWSE,,active,2025-09-08 06:45:01
2208,台船,TWSE,,active,2025-09-08 06:45:01
2211,長榮鋼,TWSE,,active,2025-09-08 06:45:01
2227,裕日車,TWSE,,active,2025-09-08 06:45:01
2228,劍麟,TWSE,,active,2025-09-08 06:45:01
2231,為升,TWSE,,active,2025-09-08 06:45:01
2233,宇隆,TWSE,,active,2025-09-08 06:45:01
2236,百達-KY,TWSE,,active,2025-09-08 06:45:01
2239,英利-KY,TWSE,,active,2025-09-08 06:45:01
2241,艾姆勒,TWSE,,active,2025-09-08 06:45:01
2243,宏旭-KY,TWSE,,active,2025-09-08 06:45:01
2247,汎德永業,TWSE,,active,2025-09-08 06:45:01
2248,華勝-KY,TWSE,,active,2025-09-08 06:45:01
2250,IKKA-KY,TWSE,,active,2025-09-08 06:45:01
2254,巨鎧精密-創,TWSE,,active,2025-09-08 06:45:01
2258,鴻華先進-創,TWSE,,active,2025-09-08 06:45:01
2301,光寶科,TWSE,,active,2025-09-08 06:45:01
2302,麗正,TWSE,,active,2025-09-08 06:45:01
2303,聯電,TWSE,,active,2025-09-08 06:45:01
2305,全友,TWSE,,active,2025-09-08 06:45:01
2308,台達電,TWSE,,active,2025-09-08 06:45:01
2312,金寶,TWSE,,active,2025-09-08 06:45:01
2313,華通,TWSE,,active,2025-09-08 06:45:01
2314,台揚,TWSE,,active,2025-09-08 06:45:01
2316,楠梓電,TWSE,,active,2025-09-08 06:45:01
2317,鴻海,TWSE,,active,2025-09-08 06:45:01
2321,東訊,TWSE,,active,2025-09-08 06:45:01
2323,中環,TWSE,,active,2025-09-08 06:45:01
2324,仁寶,TWSE,,active,2025-09-08 06:45:01
2327,國巨*,TWSE,,active,2025-09-08 06:45:01
2328,廣宇,TWSE,,active,2025-09-08 06:45:01
2329,華泰,TWSE,,active,2025-09-08 06:45:01
2330,台積電,TWSE,,active,2025-09-08 06:45:01
2331,精英,TWSE,,active,2025-09-08 06:45:01
2332,友訊,TWSE,,active,2025-09-08 06:45:01
2337,旺宏,TWSE,,active,2025-09-08 06:45:01
2338,光罩,TWSE,,active,2025-09-08 06:45:01
2340,台亞,TWSE,,active,2025-09-08 06:45:01
2342,茂矽,TWSE,,active,2025-09-08 06:45:01
2344,華邦電,TWSE,,active,2025-09-08 06:45:01
2345,智邦,TWSE,,active,2025-09-08 06:45:01
2347,聯強,TWSE,,active,2025-09-08 06:45:01
2348,海悅,TWSE,,active,2025-09-08 06:45:01
2349,錸德,TWSE,,active,2025-09-08 06:45:01
2351,順德,TWSE,,active,2025-09-08 06:45:01
2352,佳世達,TWSE,,active,2025-09-08 06:45:01
2353,宏碁,TWSE,,active,2025-09-08 06:45:01
2354,鴻準,TWSE,,active,2025-09-08 06:45:01
2355,敬鵬,TWSE,,active,2025-09-08 06:45:01
2356,英業達,TWSE,,active,2025-09-08 06:45:01
2357,華碩,TWSE,,active,2025-09-08 06:45:01
2359,所羅門,TWSE,,active,2025-09-08 06:45:01
2360,致茂,TWSE,,active,2025-09-08 06:45:01
2362,藍天,TWSE,,active,2025-09-08 06:45:01
2363,矽統,TWSE,,active,2025-09-08 06:45:01
2364,倫飛,TWSE,,active,2025-09-08 06:45:01
2365,昆盈,TWSE,,active,2025-09-08 06:45:01
2367,燿華,TWSE,,active,2025-09-08 06:45:01
2368,金像電,TWSE,,active,2025-09-08 06:45:01
2369,菱生,TWSE,,active,2025-09-08 06:45:01
2371,大同,TWSE,,active,2025-09-08 06:45:01
2373,震旦行,TWSE,,active,2025-09-08 06:45:01
2374,佳能,TWSE,,active,2025-09-08 06:45:01
2375,凱美,TWSE,,active,2025-09-08 06:45:01
2376,技嘉,TWSE,,active,2025-09-08 06:45:01
2377,微星,TWSE,,active,2025-09-08 06:45:01
2379,瑞昱,TWSE,,active,2025-09-08 06:45:01
2380,虹光,TWSE,,active,2025-09-08 06:45:01
2382,廣達,TWSE,,active,2025-09-08 06:45:01
2383,台光電,TWSE,,active,2025-09-08 06:45:01
2385,群光,TWSE,,active,2025-09-08 06:45:01
2387,精元,TWSE,,active,2025-09-08 06:45:01
2388,威盛,TWSE,,active,2025-09-08 06:45:01
2390,云辰,TWSE,,active,2025-09-08 06:45:01
2392,正崴,TWSE,,active,2025-09-08 06:45:01
2393,億光,TWSE,,active,2025-09-08 06:45:01
2395,研華,TWSE,,active,2025-09-08 06:45:01
2397,友通,TWSE,,active,2025-09-08 06:45:01
2399,映泰,TWSE,,active,2025-09-08 06:45:01
2401,凌陽,TWSE,,active,2025-09-08 06:45:01
2402,毅嘉,TWSE,,active,2025-09-08 06:45:01
2404,漢唐,TWSE,,active,2025-09-08 06:45:01
2405,輔信,TWSE,,active,2025-09-08 06:45:01
2406,國碩,TWSE,,active,2025-09-08 06:45:01
2408,南亞科,TWSE,,active,2025-09-08 06:45:01
2409,友達,TWSE,,active,2025-09-08 06:45:01
2412,中華電,TWSE,,active,2025-09-08 06:45:01
2413,環科,TWSE,,active,2025-09-08 06:45:01
2414,精技,TWSE,,active,2025-09-08 06:45:01
2415,錩新,TWSE,,active,2025-09-08 06:45:01
2417,圓剛,TWSE,,active,2025-09-08 06:45:01
2419,仲琦,TWSE,,active,2025-09-08 06:45:01
2420,新巨,TWSE,,active,2025-09-08 06:45:01
2421,建準,TWSE,,active,2025-09-08 06:45:01
2423,固緯,TWSE,,active,2025-09-08 06:45:01
2424,隴華,TWSE,,active,2025-09-08 06:45:01
2425,承啟,TWSE,,active,2025-09-08 06:45:01
2426,鼎元,TWSE,,active,2025-09-08 06:45:01
2427,三商電,TWSE,,active,2025-09-08 06:45:01
2428,興勤,TWSE,,active,2025-09-08 06:45:01
2429,銘旺科,TWSE,,active,2025-09-08 06:45:01
2430,燦坤,TWSE,,active,2025-09-08 06:45:01
2431,聯昌,TWSE,,active,2025-09-08 06:45:01
2432,倚天酷碁-創,TWSE,,active,2025-09-08 06:45:01
2433,互盛電,TWSE,,active,2025-09-08 06:45:01
2434,統懋,TWSE,,active,2025-09-08 06:45:01
2436,偉詮電,TWSE,,active,2025-09-08 06:45:01
2438,翔耀,TWSE,,active,2025-09-08 06:45:01
2439,美律,TWSE,,active,2025-09-08 06:45:01
2440,太空梭,TWSE,,active,2025-09-08 06:45:01
2441,超豐,TWSE,,active,2025-09-08 06:45:01
2442,新美齊,TWSE,,active,2025-09-08 06:45:01
2444,兆勁,TWSE,,active,2025-09-08 06:45:01
2449,京元電子,TWSE,,active,2025-09-08 06:45:01
2450,神腦,TWSE,,active,2025-09-08 06:45:01
2451,創見,TWSE,,active,2025-09-08 06:45:01
2453,凌群,TWSE,,active,2025-09-08 06:45:01
2454,聯發科,TWSE,,active,2025-09-08 06:45:01
2455,全新,TWSE,,active,2025-09-08 06:45:01
2457,飛宏,TWSE,,active,2025-09-08 06:45:01
2458,義隆,TWSE,,active,2025-09-08 06:45:01
2459,敦吉,TWSE,,active,2025-09-08 06:45:01
2460,建通,TWSE,,active,2025-09-08 06:45:01
2461,光群雷,TWSE,,active,2025-09-08 06:45:01
2462,良得電,TWSE,,active,2025-09-08 06:45:01
2464,盟立,TWSE,,active,2025-09-08 06:45:01
2465,麗臺,TWSE,,active,2025-09-08 06:45:01
2466,冠西電,TWSE,,active,2025-09-08 06:45:01
2467,志聖,TWSE,,active,2025-09-08 06:45:01
2468,華經,TWSE,,active,2025-09-08 06:45:01
2471,資通,TWSE,,active,2025-09-08 06:45:01
2472,立隆電,TWSE,,active,2025-09-08 06:45:01
2474,可成,TWSE,,active,2025-09-08 06:45:01
2476,鉅祥,TWSE,,active,2025-09-08 06:45:01
2477,美隆電,TWSE,,active,2025-09-08 06:45:01
2478,大毅,TWSE,,active,2025-09-08 06:45:01
2480,敦陽科,TWSE,,active,2025-09-08 06:45:01
2481,強茂,TWSE,,active,2025-09-08 06:45:01
2482,連宇,TWSE,,active,2025-09-08 06:45:01
2483,百容,TWSE,,active,2025-09-08 06:45:01
2484,希華,TWSE,,active,2025-09-08 06:45:01
2485,兆赫,TWSE,,active,2025-09-08 06:45:01
2486,一詮,TWSE,,active,2025-09-08 06:45:01
2488,漢平,TWSE,,active,2025-09-08 06:45:01
2489,瑞軒,TWSE,,active,2025-09-08 06:45:01
2491,吉祥全,TWSE,,active,2025-09-08 06:45:01
2492,華新科,TWSE,,active,2025-09-08 06:45:01
2493,揚博,TWSE,,active,2025-09-08 06:45:01
2495,普安,TWSE,,active,2025-09-08 06:45:01
2496,卓越,TWSE,,active,2025-09-08 06:45:01
2497,怡利電,TWSE,,active,2025-09-08 06:45:01
2498,宏達電,TWSE,,active,2025-09-08 06:45:01
2501,國建,TWSE,,active,2025-09-08 06:45:01
2504,國產,TWSE,,active,2025-09-08 06:45:01
2505,國揚,TWSE,,active,2025-09-08 06:45:01
2506,太設,TWSE,,active,2025-09-08 06:45:01
2509,全坤建,TWSE,,active,2025-09-08 06:45:01
2511,太子,TWSE,,active,2025-09-08 06:45:01
2514,龍邦,TWSE,,active,2025-09-08 06:45:01
2515,中工,TWSE,,active,2025-09-08 06:45:01
2516,新建,TWSE,,active,2025-09-08 06:45:01
2520,冠德,TWSE,,active,2025-09-08 06:45:01
2524,京城,TWSE,,active,2025-09-08 06:45:01
2527,宏璟,TWSE,,active,2025-09-08 06:45:01
2528,皇普,TWSE,,active,2025-09-08 06:45:01
2530,華建,TWSE,,active,2025-09-08 06:45:01
2534,宏盛,TWSE,,active,2025-09-08 06:45:01
2535,達欣工,TWSE,,active,2025-09-08 06:45:01
2536,宏普,TWSE,,active,2025-09-08 06:45:01
2537,聯上發,TWSE,,active,2025-09-08 06:45:01
2538,基泰,TWSE,,active,2025-09-08 06:45:01
2539,櫻花建,TWSE,,active,2025-09-08 06:45:01
2540,愛山林,TWSE,,active,2025-09-08 06:45:01
2542,興富發,TWSE,,active,2025-09-08 06:45:01
2543,皇昌,TWSE,,active,2025-09-08 06:45:01
2545,皇翔,TWSE,,active,2025-09-08 06:45:01
2546,根基,TWSE,,active,2025-09-08 06:45:01
2547,日勝生,TWSE,,active,2025-09-08 06:45:01
2548,華固,TWSE,,active,2025-09-08 06:45:01
2597,潤弘,TWSE,,active,2025-09-08 06:45:01
2601,益航,TWSE,,active,2025-09-08 06:45:01
2603,長榮,TWSE,,active,2025-09-08 06:45:01
2605,新興,TWSE,,active,2025-09-08 06:45:01
2606,裕民,TWSE,,active,2025-09-08 06:45:01
2607,榮運,TWSE,,active,2025-09-08 06:45:01
2608,嘉里大榮,TWSE,,active,2025-09-08 06:45:01
2609,陽明,TWSE,,active,2025-09-08 06:45:01
2610,華航,TWSE,,active,2025-09-08 06:45:01
2611,志信,TWSE,,active,2025-09-08 06:45:01
2612,中航,TWSE,,active,2025-09-08 06:45:01
2613,中櫃,TWSE,,active,2025-09-08 06:45:01
2614,東森,TWSE,,active,2025-09-08 06:45:01
2615,萬海,TWSE,,active,2025-09-08 06:45:01
2616,山隆,TWSE,,active,2025-09-08 06:45:01
2617,台航,TWSE,,active,2025-09-08 06:45:01
2618,長榮航,TWSE,,active,2025-09-08 06:45:01
2630,亞航,TWSE,,active,2025-09-08 06:45:01
2633,台灣高鐵,TWSE,,active,2025-09-08 06:45:01
2634,漢翔,TWSE,,active,2025-09-08 06:45:01
2636,台驊控股,TWSE,,active,2025-09-08 06:45:01
2637,慧洋-KY,TWSE,,active,2025-09-08 06:45:01
2642,宅配通,TWSE,,active,2025-09-08 06:45:01
2645,長榮航太,TWSE,,active,2025-09-08 06:45:01
2646,星宇航空,TWSE,,active,2025-09-08 06:45:01
2701,萬企,TWSE,,active,2025-09-08 06:45:01
2702,華園,TWSE,,active,2025-09-08 06:45:01
2704,國賓,TWSE,,active,2025-09-08 06:45:01
2705,六福,TWSE,,active,2025-09-08 06:45:01
2706,第一店,TWSE,,active,2025-09-08 06:45:01
2707,晶華,TWSE,,active,2025-09-08 06:45:01
2712,遠雄來,TWSE,,active,2025-09-08 06:45:01
2722,夏都,TWSE,,active,2025-09-08 06:45:01
2723,美食-KY,TWSE,,active,2025-09-08 06:45:01
2727,王品,TWSE,,active,2025-09-08 06:45:01
2731,雄獅,TWSE,,active,2025-09-08 06:45:01
2739,寒舍,TWSE,,active,2025-09-08 06:45:01
2748,雲品,TWSE,,active,2025-09-08 06:45:01
2753,八方雲集,TWSE,,active,2025-09-08 06:45:01
2762,世界健身-KY,TWSE,,active,2025-09-08 06:45:01
2801,彰銀,TWSE,,active,2025-09-08 06:45:01
2809,京城銀,TWSE,,active,2025-09-08 06:45:01
2812,台中銀,TWSE,,active,2025-09-08 06:45:01
2816,旺旺保,TWSE,,active,2025-09-08 06:45:01
2820,華票,TWSE,,active,2025-09-08 06:45:01
2832,台產,TWSE,,active,2025-09-08 06:45:01
2834,臺企銀,TWSE,,active,2025-09-08 06:45:01
2836,高雄銀,TWSE,,active,2025-09-08 06:45:01
2838,聯邦銀,TWSE,,active,2025-09-08 06:45:01
2845,遠東銀,TWSE,,active,2025-09-08 06:45:01
2849,安泰銀,TWSE,,active,2025-09-08 06:45:01
2850,新產,TWSE,,active,2025-09-08 06:45:01
2851,中再保,TWSE,,active,2025-09-08 06:45:01
2852,第一保,TWSE,,active,2025-09-08 06:45:01
2855,統一證,TWSE,,active,2025-09-08 06:45:01
2867,三商壽,TWSE,,active,2025-09-08 06:45:01
2880,華南金,TWSE,,active,2025-09-08 06:45:01
2881,富邦金,TWSE,,active,2025-09-08 06:45:01
2882,國泰金,TWSE,,active,2025-09-08 06:45:01
2884,玉山金,TWSE,,active,2025-09-08 06:45:01
2885,元大金,TWSE,,active,2025-09-08 06:45:01
2886,兆豐金,TWSE,,active,2025-09-08 06:45:01
2887,台新新光金,TWSE,,active,2025-09-08 06:45:01
2889,國票金,TWSE,,active,2025-09-08 06:45:01
2890,永豐金,TWSE,,active,2025-09-08 06:45:01
2891,中信金,TWSE,,active,2025-09-08 06:45:01
2892,第一金,TWSE,,active,2025-09-08 06:45:01
2897,王道銀行,TWSE,,active,2025-09-08 06:45:01
2901,欣欣,TWSE,,active,2025-09-08 06:45:01
2903,遠百,TWSE,,active,2025-09-08 06:45:01
2904,匯僑,TWSE,,active,2025-09-08 06:45:01
2905,三商,TWSE,,active,2025-09-08 06:45:01
2906,高林,TWSE,,active,2025-09-08 06:45:01
2908,特力,TWSE,,active,2025-09-08 06:45:01
2910,統領,TWSE,,active,2025-09-08 06:45:01
2911,麗嬰房,TWSE,,active,2025-09-08 06:45:01
2912,統一超,TWSE,,active,2025-09-08 06:45:01
2913,農林,TWSE,,active,2025-09-08 06:45:01
2915,潤泰全,TWSE,,active,2025-09-08 06:45:01
2923,鼎固-KY,TWSE,,active,2025-09-08 06:45:01
2929,淘帝-KY,TWSE,,active,2025-09-08 06:45:01
2939,永邑-KY,TWSE,,active,2025-09-08 06:45:01
2945,三商家購,TWSE,,active,2025-09-08 06:45:01
7631,聚賢研發-創,TWSE,,active,2025-09-08 06:45:01
7705,三商餐飲,TWSE,,active,2025-09-08 06:45:01
7721,微程式,TWSE,,active,2025-09-08 06:45:01
7722,LINEPAY,TWSE,,active,2025-09-08 06:45:01
7732,金興精密,TWSE,,active,2025-09-08 06:45:01
7736,虎山,TWSE,,active,2025-09-08 06:45:01
7740,熙特爾-創,TWSE,,active,2025-09-08 06:45:01
7749,意騰-KY,TWSE,,active,2025-09-08 06:45:01
9802,鈺齊-KY,TWSE,,active,2025-09-08 06:45:01
9902,台火,TWSE,,active,2025-09-08 06:45:01
9904,寶成,TWSE,,active,2025-09-08 06:45:01
9905,大華,TWSE,,active,2025-09-08 06:45:01
9906,欣巴巴,TWSE,,active,2025-09-08 06:45:01
9907,統一實,TWSE,,active,2025-09-08 06:45:01
9908,大台北,TWSE,,active,2025-09-08 06:45:01
9910,豐泰,TWSE,,active,2025-09-08 06:45:01
9911,櫻花,TWSE,,active,2025-09-08 06:45:01
9912,偉聯,TWSE,,active,2025-09-08 06:45:01
9914,美利達,TWSE,,active,2025-09-08 06:45:01
9917,中保科,TWSE,,active,2025-09-08 06:45:01
9918,欣天然,TWSE,,active,2025-09-08 06:45:01
9919,康那香,TWSE,,active,2025-09-08 06:45:01
9921,巨大,TWSE,,active,2025-09-08 06:45:01
9924,福興,TWSE,,active,2025-09-08 06:45:01
9925,新保,TWSE,,active,2025-09-08 06:45:01
9926,新海,TWSE,,active,2025-09-08 06:45:01
9927,泰銘,TWSE,,active,2025-09-08 06:45:01
9928,中視,TWSE,,active,2025-09-08 06:45:01
9929,秋雨,TWSE,,active,2025-09-08 06:45:01
9930,中聯資源,TWSE,,active,2025-09-08 06:45:01
9931,欣高,TWSE,,active,2025-09-08 06:45:01
9933,中鼎,TWSE,,active,2025-09-08 06:45:01
9934,成霖,TWSE,,active,2025-09-08 06:45:01
9935,慶豐富,TWSE,,active,2025-09-08 06:45:01
9937,全國,TWSE,,active,2025-09-08 06:45:01
9938,百和,TWSE,,active,2025-09-08 06:45:01
9939,宏全,TWSE,,active,2025-09-08 06:45:01
9940,信義,TWSE,,active,2025-09-08 06:45:01
9941,裕融,TWSE,,active,2025-09-08 06:45:01
9942,茂順,TWSE,,active,2025-09-08 06:45:01
9943,好樂迪,TWSE,,active,2025-09-08 06:45:01
9944,新麗,TWSE,,active,2025-09-08 06:45:01
9945,潤泰新,TWSE,,active,2025-09-08 06:45:01
9946,三發地產,TWSE,,active,2025-09-08 06:45:01
9955,佳龍,TWSE,,active,2025-09-08 06:45:01
9958,世紀鋼,TWSE,,active,2025-09-08 06:45:01
